"../../../Engine/Content/EditorResources/S_Actor.ubulk" 0
"../../../Engine/Content/EditorResources/S_Actor.uasset" 1
"../../../Engine/Content/EditorResources/S_Actor.uexp" 2
"../../../Engine/Content/EditorResources/S_BoxReflectionCapture.uasset" 3
"../../../Engine/Content/EditorResources/S_BoxReflectionCapture.uexp" 4
"../../../Engine/Content/EngineResources/DefaultTexture.ubulk" 5
"../../../Engine/Content/EngineResources/DefaultTexture.uasset" 6
"../../../Engine/Content/EngineResources/DefaultTexture.uexp" 7
"../../../Engine/Content/EngineResources/DefaultTextureCube.uasset" 8
"../../../Engine/Content/EngineResources/DefaultTextureCube.uexp" 9
"../../../Engine/Content/EngineResources/DefaultVolumeTexture2D.uasset" 10
"../../../Engine/Content/EngineResources/DefaultVolumeTexture2D.uexp" 11
"../../../Engine/Content/EngineResources/DefaultVolumeTexture.uasset" 12
"../../../Engine/Content/EngineResources/DefaultVolumeTexture.uexp" 13
"../../../Engine/Content/EditorResources/S_Trigger.ubulk" 14
"../../../Engine/Content/EditorResources/S_Trigger.uasset" 15
"../../../Engine/Content/EditorResources/S_Trigger.uexp" 16
"../../../Engine/Content/EditorResources/S_TriggerBox.uasset" 17
"../../../Engine/Content/EditorResources/S_TriggerBox.uexp" 18
"../../../Engine/Content/EditorResources/S_TriggerCapsule.uasset" 19
"../../../Engine/Content/EditorResources/S_TriggerCapsule.uexp" 20
"../../../Engine/Content/EditorResources/S_TriggerSphere.uasset" 21
"../../../Engine/Content/EditorResources/S_TriggerSphere.uexp" 22
"../../../Engine/Content/EngineMeshes/Sphere.ubulk" 23
"../../../Engine/Content/EngineMeshes/Sphere.uasset" 24
"../../../Engine/Content/EngineMeshes/Sphere.uexp" 25
"../../../Engine/Content/EngineResources/GradientTexture0.uasset" 26
"../../../Engine/Content/EngineResources/GradientTexture0.uexp" 27
"../../../Engine/Content/VREditor/LaserPointer/VR_LaserPower_01.ubulk" 28
"../../../Engine/Content/VREditor/LaserPointer/VR_LaserPower_01.uasset" 29
"../../../Engine/Content/VREditor/LaserPointer/VR_LaserPower_01.uexp" 30
"../../../Engine/Content/VREditor/TransformGizmo/TransformGizmoMaterial.uasset" 31
"../../../Engine/Content/VREditor/TransformGizmo/TransformGizmoMaterial.uexp" 32
"../../../Engine/Content/VREditor/TransformGizmo/TranslucentTransformGizmoMaterial.uasset" 33
"../../../Engine/Content/VREditor/TransformGizmo/TranslucentTransformGizmoMaterial.uexp" 34
"../../../Engine/Content/VREditor/TransformGizmo/BoundingBoxCorner.ubulk" 35
"../../../Engine/Content/VREditor/TransformGizmo/BoundingBoxCorner.uasset" 36
"../../../Engine/Content/VREditor/TransformGizmo/BoundingBoxCorner.uexp" 37
"../../../Engine/Content/VREditor/TransformGizmo/BoundingBoxEdge.ubulk" 38
"../../../Engine/Content/VREditor/TransformGizmo/BoundingBoxEdge.uasset" 39
"../../../Engine/Content/VREditor/TransformGizmo/BoundingBoxEdge.uexp" 40
"../../../Engine/Content/VREditor/TransformGizmo/Main.uasset" 41
"../../../Engine/Content/VREditor/TransformGizmo/Main.uexp" 42
"../../../Engine/Content/VREditor/TransformGizmo/Xray.uasset" 43
"../../../Engine/Content/VREditor/TransformGizmo/Xray.uexp" 44
"../../../Engine/Content/VREditor/TransformGizmo/SM_Sequencer_Node.ubulk" 45
"../../../Engine/Content/VREditor/TransformGizmo/SM_Sequencer_Node.uasset" 46
"../../../Engine/Content/VREditor/TransformGizmo/SM_Sequencer_Node.uexp" 47
"../../../Engine/Content/EditorResources/S_Solver.ubulk" 48
"../../../Engine/Content/EditorResources/S_Solver.uasset" 49
"../../../Engine/Content/EditorResources/S_Solver.uexp" 50
"../../../Engine/Content/EditorMaterials/Camera/CineMat.uasset" 51
"../../../Engine/Content/EditorMaterials/Camera/CineMat.uexp" 52
"../../../Engine/Content/EditorMaterials/Camera/MI_CineMat_Rig.uasset" 53
"../../../Engine/Content/EditorMaterials/Camera/MI_CineMat_Rig.uexp" 54
"../../../Engine/Content/EditorMeshes/Camera/SM_CraneRig_Base.ubulk" 55
"../../../Engine/Content/EditorMeshes/Camera/SM_CraneRig_Base.uasset" 56
"../../../Engine/Content/EditorMeshes/Camera/SM_CraneRig_Base.uexp" 57
"../../../Engine/Content/EditorMeshes/Camera/SM_CraneRig_Arm.ubulk" 58
"../../../Engine/Content/EditorMeshes/Camera/SM_CraneRig_Arm.uasset" 59
"../../../Engine/Content/EditorMeshes/Camera/SM_CraneRig_Arm.uexp" 60
"../../../Engine/Content/EditorMeshes/Camera/SM_CraneRig_Mount.ubulk" 61
"../../../Engine/Content/EditorMeshes/Camera/SM_CraneRig_Mount.uasset" 62
"../../../Engine/Content/EditorMeshes/Camera/SM_CraneRig_Mount.uexp" 63
"../../../Engine/Content/EditorMeshes/Camera/SM_CraneRig_Body.ubulk" 64
"../../../Engine/Content/EditorMeshes/Camera/SM_CraneRig_Body.uasset" 65
"../../../Engine/Content/EditorMeshes/Camera/SM_CraneRig_Body.uexp" 66
"../../../Engine/Content/EditorMeshes/Camera/SM_RailRig_Track.ubulk" 67
"../../../Engine/Content/EditorMeshes/Camera/SM_RailRig_Track.uasset" 68
"../../../Engine/Content/EditorMeshes/Camera/SM_RailRig_Track.uexp" 69
"../../../Engine/Content/EditorMeshes/Camera/SM_RailRig_Mount.ubulk" 70
"../../../Engine/Content/EditorMeshes/Camera/SM_RailRig_Mount.uasset" 71
"../../../Engine/Content/EditorMeshes/Camera/SM_RailRig_Mount.uexp" 72
"../../../Engine/Content/EngineMaterials/T_Default_Material_Grid_M.ubulk" 73
"../../../Engine/Content/EngineMaterials/T_Default_Material_Grid_M.uasset" 74
"../../../Engine/Content/EngineMaterials/T_Default_Material_Grid_M.uexp" 75
"../../../Engine/Content/EngineMaterials/T_Default_Material_Grid_N.ubulk" 76
"../../../Engine/Content/EngineMaterials/T_Default_Material_Grid_N.uasset" 77
"../../../Engine/Content/EngineMaterials/T_Default_Material_Grid_N.uexp" 78
"../../../Engine/Content/Functions/Engine_MaterialFunctions01/Opacity/CameraDepthFade.uasset" 79
"../../../Engine/Content/Functions/Engine_MaterialFunctions01/Opacity/CameraDepthFade.uexp" 80
"../../../Engine/Content/EngineMaterials/WorldGridMaterial.uasset" 81
"../../../Engine/Content/EngineMaterials/WorldGridMaterial.uexp" 82
"../../../Engine/Content/ArtTools/RenderToTexture/Meshes/S_1_Unit_Plane.ubulk" 83
"../../../Engine/Content/ArtTools/RenderToTexture/Meshes/S_1_Unit_Plane.uasset" 84
"../../../Engine/Content/ArtTools/RenderToTexture/Meshes/S_1_Unit_Plane.uexp" 85
"../../../Engine/Content/EditorMaterials/ParticleSystems/PSysThumbnail_NoImage.ubulk" 86
"../../../Engine/Content/EditorMaterials/ParticleSystems/PSysThumbnail_NoImage.uasset" 87
"../../../Engine/Content/EditorMaterials/ParticleSystems/PSysThumbnail_NoImage.uexp" 88
"../../../Engine/Content/EditorMaterials/ParticleSystems/PSysThumbnail_OOD.ubulk" 89
"../../../Engine/Content/EditorMaterials/ParticleSystems/PSysThumbnail_OOD.uasset" 90
"../../../Engine/Content/EditorMaterials/ParticleSystems/PSysThumbnail_OOD.uexp" 91
"../../../Engine/Content/EditorLandscapeResources/SplineEditorMeshMat.uasset" 92
"../../../Engine/Content/EditorLandscapeResources/SplineEditorMeshMat.uexp" 93
"../../../Engine/Content/EditorLandscapeResources/SplineEditorMesh.ubulk" 94
"../../../Engine/Content/EditorLandscapeResources/SplineEditorMesh.uasset" 95
"../../../Engine/Content/EditorLandscapeResources/SplineEditorMesh.uexp" 96
"../../../Engine/Plugins/Media/MediaPlate/Content/SM_MediaPlateScreen.ubulk" 97
"../../../Engine/Plugins/Media/MediaPlate/Content/SM_MediaPlateScreen.uasset" 98
"../../../Engine/Plugins/Media/MediaPlate/Content/SM_MediaPlateScreen.uexp" 99
"../../../Engine/Content/EngineMaterials/BaseFlattenNormalMap.uasset" 100
"../../../Engine/Content/EngineMaterials/BaseFlattenNormalMap.uexp" 101
"../../../Engine/Content/EngineResources/Black.uasset" 102
"../../../Engine/Content/EngineResources/Black.uexp" 103
"../../../Engine/Plugins/Runtime/OpenXR/Content/Devices/M_XRController.uasset" 104
"../../../Engine/Plugins/Runtime/OpenXR/Content/Devices/M_XRController.uexp" 105
"../../../Engine/Plugins/Runtime/OpenXR/Content/Devices/HTCVive/BaseTexture.ubulk" 106
"../../../Engine/Plugins/Runtime/OpenXR/Content/Devices/HTCVive/BaseTexture.uasset" 107
"../../../Engine/Plugins/Runtime/OpenXR/Content/Devices/HTCVive/BaseTexture.uexp" 108
"../../../Engine/Plugins/Runtime/OpenXR/Content/Devices/HTCVive/MI_HTCVive.uasset" 109
"../../../Engine/Plugins/Runtime/OpenXR/Content/Devices/HTCVive/MI_HTCVive.uexp" 110
"../../../Engine/Plugins/Runtime/OpenXR/Content/Devices/HTCVive/HTCViveController.ubulk" 111
"../../../Engine/Plugins/Runtime/OpenXR/Content/Devices/HTCVive/HTCViveController.uasset" 112
"../../../Engine/Plugins/Runtime/OpenXR/Content/Devices/HTCVive/HTCViveController.uexp" 113
"../../../Engine/Plugins/Runtime/OpenXR/Content/Devices/MicrosoftMixedReality/NormalTexture.ubulk" 114
"../../../Engine/Plugins/Runtime/OpenXR/Content/Devices/MicrosoftMixedReality/NormalTexture.uasset" 115
"../../../Engine/Plugins/Runtime/OpenXR/Content/Devices/MicrosoftMixedReality/NormalTexture.uexp" 116
"../../../Engine/Plugins/Runtime/OpenXR/Content/Devices/MicrosoftMixedReality/EmissiveTexture.ubulk" 117
"../../../Engine/Plugins/Runtime/OpenXR/Content/Devices/MicrosoftMixedReality/EmissiveTexture.uasset" 118
"../../../Engine/Plugins/Runtime/OpenXR/Content/Devices/MicrosoftMixedReality/EmissiveTexture.uexp" 119
"../../../Engine/Plugins/Runtime/OpenXR/Content/Devices/MicrosoftMixedReality/BaseTexture.ubulk" 120
"../../../Engine/Plugins/Runtime/OpenXR/Content/Devices/MicrosoftMixedReality/BaseTexture.uasset" 121
"../../../Engine/Plugins/Runtime/OpenXR/Content/Devices/MicrosoftMixedReality/BaseTexture.uexp" 122
"../../../Engine/Plugins/Runtime/OpenXR/Content/Devices/MicrosoftMixedReality/MRTexture.ubulk" 123
"../../../Engine/Plugins/Runtime/OpenXR/Content/Devices/MicrosoftMixedReality/MRTexture.uasset" 124
"../../../Engine/Plugins/Runtime/OpenXR/Content/Devices/MicrosoftMixedReality/MRTexture.uexp" 125
"../../../Engine/Plugins/Runtime/OpenXR/Content/Devices/MicrosoftMixedReality/MI_MicrosoftMixedReality.uasset" 126
"../../../Engine/Plugins/Runtime/OpenXR/Content/Devices/MicrosoftMixedReality/MI_MicrosoftMixedReality.uexp" 127
"../../../Engine/Plugins/Runtime/OpenXR/Content/Devices/MicrosoftMixedReality/Left/left_MicrosoftMixedRealityController.ubulk" 128
"../../../Engine/Plugins/Runtime/OpenXR/Content/Devices/MicrosoftMixedReality/Left/left_MicrosoftMixedRealityController.uasset" 129
"../../../Engine/Plugins/Runtime/OpenXR/Content/Devices/MicrosoftMixedReality/Left/left_MicrosoftMixedRealityController.uexp" 130
"../../../Engine/Plugins/Runtime/OpenXR/Content/Devices/MicrosoftMixedReality/Right/right_MicrosoftMixedRealityController.ubulk" 131
"../../../Engine/Plugins/Runtime/OpenXR/Content/Devices/MicrosoftMixedReality/Right/right_MicrosoftMixedRealityController.uasset" 132
"../../../Engine/Plugins/Runtime/OpenXR/Content/Devices/MicrosoftMixedReality/Right/right_MicrosoftMixedRealityController.uexp" 133
"../../../Engine/Plugins/Runtime/OpenXR/Content/Devices/OculusGo/BaseTexture.ubulk" 134
"../../../Engine/Plugins/Runtime/OpenXR/Content/Devices/OculusGo/BaseTexture.uasset" 135
"../../../Engine/Plugins/Runtime/OpenXR/Content/Devices/OculusGo/BaseTexture.uexp" 136
"../../../Engine/Plugins/Runtime/OpenXR/Content/Devices/OculusGo/MI_OculusGo.uasset" 137
"../../../Engine/Plugins/Runtime/OpenXR/Content/Devices/OculusGo/MI_OculusGo.uexp" 138
"../../../Engine/Plugins/Runtime/OpenXR/Content/Devices/OculusGo/OculusGoController.ubulk" 139
"../../../Engine/Plugins/Runtime/OpenXR/Content/Devices/OculusGo/OculusGoController.uasset" 140
"../../../Engine/Plugins/Runtime/OpenXR/Content/Devices/OculusGo/OculusGoController.uexp" 141
"../../../Engine/Plugins/Runtime/OpenXR/Content/Devices/OculusTouch/BaseTexture.ubulk" 142
"../../../Engine/Plugins/Runtime/OpenXR/Content/Devices/OculusTouch/BaseTexture.uasset" 143
"../../../Engine/Plugins/Runtime/OpenXR/Content/Devices/OculusTouch/BaseTexture.uexp" 144
"../../../Engine/Plugins/Runtime/OpenXR/Content/Devices/OculusTouch/MRTexture.ubulk" 145
"../../../Engine/Plugins/Runtime/OpenXR/Content/Devices/OculusTouch/MRTexture.uasset" 146
"../../../Engine/Plugins/Runtime/OpenXR/Content/Devices/OculusTouch/MRTexture.uexp" 147
"../../../Engine/Plugins/Runtime/OpenXR/Content/Devices/OculusTouch/MI_OculusTouch.uasset" 148
"../../../Engine/Plugins/Runtime/OpenXR/Content/Devices/OculusTouch/MI_OculusTouch.uexp" 149
"../../../Engine/Plugins/Runtime/OpenXR/Content/Devices/OculusTouch/Left/left_OculusTouchController.ubulk" 150
"../../../Engine/Plugins/Runtime/OpenXR/Content/Devices/OculusTouch/Left/left_OculusTouchController.uasset" 151
"../../../Engine/Plugins/Runtime/OpenXR/Content/Devices/OculusTouch/Left/left_OculusTouchController.uexp" 152
"../../../Engine/Plugins/Runtime/OpenXR/Content/Devices/OculusTouch/Right/right_OculusTouchController.ubulk" 153
"../../../Engine/Plugins/Runtime/OpenXR/Content/Devices/OculusTouch/Right/right_OculusTouchController.uasset" 154
"../../../Engine/Plugins/Runtime/OpenXR/Content/Devices/OculusTouch/Right/right_OculusTouchController.uexp" 155
"../../../Engine/Plugins/Runtime/OpenXR/Content/Devices/ValveIndex/MRTexture.ubulk" 156
"../../../Engine/Plugins/Runtime/OpenXR/Content/Devices/ValveIndex/MRTexture.uasset" 157
"../../../Engine/Plugins/Runtime/OpenXR/Content/Devices/ValveIndex/MRTexture.uexp" 158
"../../../Engine/Plugins/Runtime/OpenXR/Content/Devices/ValveIndex/BaseTexture.ubulk" 159
"../../../Engine/Plugins/Runtime/OpenXR/Content/Devices/ValveIndex/BaseTexture.uasset" 160
"../../../Engine/Plugins/Runtime/OpenXR/Content/Devices/ValveIndex/BaseTexture.uexp" 161
"../../../Engine/Plugins/Runtime/OpenXR/Content/Devices/ValveIndex/Left/MI_left_ValveIndex.uasset" 162
"../../../Engine/Plugins/Runtime/OpenXR/Content/Devices/ValveIndex/Left/MI_left_ValveIndex.uexp" 163
"../../../Engine/Plugins/Runtime/OpenXR/Content/Devices/ValveIndex/Left/left_ValveIndexController.ubulk" 164
"../../../Engine/Plugins/Runtime/OpenXR/Content/Devices/ValveIndex/Left/left_ValveIndexController.uasset" 165
"../../../Engine/Plugins/Runtime/OpenXR/Content/Devices/ValveIndex/Left/left_ValveIndexController.uexp" 166
"../../../Engine/Plugins/Runtime/OpenXR/Content/Devices/ValveIndex/Right/MI_right_ValveIndex.uasset" 167
"../../../Engine/Plugins/Runtime/OpenXR/Content/Devices/ValveIndex/Right/MI_right_ValveIndex.uexp" 168
"../../../Engine/Plugins/Runtime/OpenXR/Content/Devices/ValveIndex/Right/right_ValveIndexController.ubulk" 169
"../../../Engine/Plugins/Runtime/OpenXR/Content/Devices/ValveIndex/Right/right_ValveIndexController.uasset" 170
"../../../Engine/Plugins/Runtime/OpenXR/Content/Devices/ValveIndex/Right/right_ValveIndexController.uexp" 171
"../../../Engine/Plugins/Runtime/OpenXR/Content/Devices/OculusTouch_v2/BaseTexture.ubulk" 172
"../../../Engine/Plugins/Runtime/OpenXR/Content/Devices/OculusTouch_v2/BaseTexture.uasset" 173
"../../../Engine/Plugins/Runtime/OpenXR/Content/Devices/OculusTouch_v2/BaseTexture.uexp" 174
"../../../Engine/Plugins/Runtime/OpenXR/Content/Devices/OculusTouch_v2/MRTexture.ubulk" 175
"../../../Engine/Plugins/Runtime/OpenXR/Content/Devices/OculusTouch_v2/MRTexture.uasset" 176
"../../../Engine/Plugins/Runtime/OpenXR/Content/Devices/OculusTouch_v2/MRTexture.uexp" 177
"../../../Engine/Plugins/Runtime/OpenXR/Content/Devices/OculusTouch_v2/MI_OculusTouch_v2.uasset" 178
"../../../Engine/Plugins/Runtime/OpenXR/Content/Devices/OculusTouch_v2/MI_OculusTouch_v2.uexp" 179
"../../../Engine/Plugins/Runtime/OpenXR/Content/Devices/OculusTouch_v2/Left/left_OculusTouch_v2Controller.ubulk" 180
"../../../Engine/Plugins/Runtime/OpenXR/Content/Devices/OculusTouch_v2/Left/left_OculusTouch_v2Controller.uasset" 181
"../../../Engine/Plugins/Runtime/OpenXR/Content/Devices/OculusTouch_v2/Left/left_OculusTouch_v2Controller.uexp" 182
"../../../Engine/Plugins/Runtime/OpenXR/Content/Devices/OculusTouch_v2/Right/right_OculusTouch_v2Controller.ubulk" 183
"../../../Engine/Plugins/Runtime/OpenXR/Content/Devices/OculusTouch_v2/Right/right_OculusTouch_v2Controller.uasset" 184
"../../../Engine/Plugins/Runtime/OpenXR/Content/Devices/OculusTouch_v2/Right/right_OculusTouch_v2Controller.uexp" 185
"../../../Engine/Plugins/Runtime/OpenXR/Content/Devices/OculusTouch_v3/MRTexture.ubulk" 186
"../../../Engine/Plugins/Runtime/OpenXR/Content/Devices/OculusTouch_v3/MRTexture.uasset" 187
"../../../Engine/Plugins/Runtime/OpenXR/Content/Devices/OculusTouch_v3/MRTexture.uexp" 188
"../../../Engine/Plugins/Runtime/OpenXR/Content/Devices/OculusTouch_v3/BaseTexture.ubulk" 189
"../../../Engine/Plugins/Runtime/OpenXR/Content/Devices/OculusTouch_v3/BaseTexture.uasset" 190
"../../../Engine/Plugins/Runtime/OpenXR/Content/Devices/OculusTouch_v3/BaseTexture.uexp" 191
"../../../Engine/Plugins/Runtime/OpenXR/Content/Devices/OculusTouch_v3/MI_OculusTouch_v3.uasset" 192
"../../../Engine/Plugins/Runtime/OpenXR/Content/Devices/OculusTouch_v3/MI_OculusTouch_v3.uexp" 193
"../../../Engine/Plugins/Runtime/OpenXR/Content/Devices/OculusTouch_v3/Left/left_OculusTouch_v3Controller.ubulk" 194
"../../../Engine/Plugins/Runtime/OpenXR/Content/Devices/OculusTouch_v3/Left/left_OculusTouch_v3Controller.uasset" 195
"../../../Engine/Plugins/Runtime/OpenXR/Content/Devices/OculusTouch_v3/Left/left_OculusTouch_v3Controller.uexp" 196
"../../../Engine/Plugins/Runtime/OpenXR/Content/Devices/OculusTouch_v3/Right/right_OculusTouch_v3Controller.ubulk" 197
"../../../Engine/Plugins/Runtime/OpenXR/Content/Devices/OculusTouch_v3/Right/right_OculusTouch_v3Controller.uasset" 198
"../../../Engine/Plugins/Runtime/OpenXR/Content/Devices/OculusTouch_v3/Right/right_OculusTouch_v3Controller.uexp" 199
"../../../Engine/Content/EngineMaterials/DefaultBokeh.uasset" 200
"../../../Engine/Content/EngineMaterials/DefaultBokeh.uexp" 201
"../../../Engine/Content/EngineMaterials/MiniFont.uasset" 202
"../../../Engine/Content/EngineMaterials/MiniFont.uexp" 203
"../../../Engine/Content/EngineMaterials/WeightMapPlaceholderTexture.uasset" 204
"../../../Engine/Content/EngineMaterials/WeightMapPlaceholderTexture.uexp" 205
"../../../Engine/Content/EngineMaterials/WeightMapArrayPlaceholderTexture.uasset" 206
"../../../Engine/Content/EngineMaterials/WeightMapArrayPlaceholderTexture.uexp" 207
"../../../Engine/Content/EngineMaterials/DefaultWhiteGrid.ubulk" 208
"../../../Engine/Content/EngineMaterials/DefaultWhiteGrid.uasset" 209
"../../../Engine/Content/EngineMaterials/DefaultWhiteGrid.uexp" 210
"../../../Engine/Content/EngineMaterials/PreintegratedSkinBRDF.uasset" 211
"../../../Engine/Content/EngineMaterials/PreintegratedSkinBRDF.uexp" 212
"../../../Engine/Content/Functions/Engine_MaterialFunctions02/WorldPositionOffset/CameraOffset.uasset" 213
"../../../Engine/Content/Functions/Engine_MaterialFunctions02/WorldPositionOffset/CameraOffset.uexp" 214
"../../../Engine/Plugins/Animation/ControlRig/Content/M_Manip.uasset" 215
"../../../Engine/Plugins/Animation/ControlRig/Content/M_Manip.uexp" 216
"../../../Engine/Plugins/Animation/ACLPlugin/Content/ACLAnimCurveCompressionSettings.uasset" 217
"../../../Engine/Plugins/Animation/ACLPlugin/Content/ACLAnimCurveCompressionSettings.uexp" 218
"../../../Engine/Plugins/Animation/ACLPlugin/Content/ACLAnimBoneCompressionSettings.uasset" 219
"../../../Engine/Plugins/Animation/ACLPlugin/Content/ACLAnimBoneCompressionSettings.uexp" 220
"../../../Engine/Plugins/2D/Paper2D/Content/PlaceholderTextures/DummySpriteTexture.ubulk" 221
"../../../Engine/Plugins/2D/Paper2D/Content/PlaceholderTextures/DummySpriteTexture.uasset" 222
"../../../Engine/Plugins/2D/Paper2D/Content/PlaceholderTextures/DummySpriteTexture.uexp" 223
"../../../Engine/Plugins/2D/Paper2D/Content/DefaultSpriteMaterial.uasset" 224
"../../../Engine/Plugins/2D/Paper2D/Content/DefaultSpriteMaterial.uexp" 225
"../../../Engine/Plugins/2D/Paper2D/Content/OpaqueUnlitSpriteMaterial.uasset" 226
"../../../Engine/Plugins/2D/Paper2D/Content/OpaqueUnlitSpriteMaterial.uexp" 227
"../../../Engine/Plugins/2D/Paper2D/Content/MaskedUnlitSpriteMaterial.uasset" 228
"../../../Engine/Plugins/2D/Paper2D/Content/MaskedUnlitSpriteMaterial.uexp" 229
"../../../Engine/Plugins/2D/Paper2D/Content/DummySprite.uasset" 230
"../../../Engine/Plugins/2D/Paper2D/Content/DummySprite.uexp" 231
"../../../Engine/Plugins/2D/Paper2D/Content/DefaultPaperTerrainMaterial.uasset" 232
"../../../Engine/Plugins/2D/Paper2D/Content/DefaultPaperTerrainMaterial.uexp" 233
"C:/Users/Abran/9_Semestre/VR_Proyecto/BeatBoost_VR/Plugins/SerialCOM/Content/UE_BLUEPRINTS/BP_SerialCom_v4_UE510.uasset" 234
"C:/Users/Abran/9_Semestre/VR_Proyecto/BeatBoost_VR/Plugins/SerialCOM/Content/UE_BLUEPRINTS/BP_SerialCom_v4_UE510.uexp" 235
"C:/Users/Abran/9_Semestre/VR_Proyecto/BeatBoost_VR/Plugins/SerialCOM/Content/Arduino_Example/BP_Arduino_Comm.uasset" 236
"C:/Users/Abran/9_Semestre/VR_Proyecto/BeatBoost_VR/Plugins/SerialCOM/Content/Arduino_Example/BP_Arduino_Comm.uexp" 237
"C:/Users/Abran/9_Semestre/VR_Proyecto/BeatBoost_VR/Content/VRSpectator/Input/Actions/IA_VRSpectator_ResetRotation.uasset" 238
"C:/Users/Abran/9_Semestre/VR_Proyecto/BeatBoost_VR/Content/VRSpectator/Input/Actions/IA_VRSpectator_ResetRotation.uexp" 239
"C:/Users/Abran/9_Semestre/VR_Proyecto/BeatBoost_VR/Content/VRSpectator/Input/Actions/IA_VRSpectator_FOV_Reset.uasset" 240
"C:/Users/Abran/9_Semestre/VR_Proyecto/BeatBoost_VR/Content/VRSpectator/Input/Actions/IA_VRSpectator_FOV_Reset.uexp" 241
"C:/Users/Abran/9_Semestre/VR_Proyecto/BeatBoost_VR/Content/VRSpectator/Input/Actions/IA_VRSpectator_FOV.uasset" 242
"C:/Users/Abran/9_Semestre/VR_Proyecto/BeatBoost_VR/Content/VRSpectator/Input/Actions/IA_VRSpectator_FOV.uexp" 243
"C:/Users/Abran/9_Semestre/VR_Proyecto/BeatBoost_VR/Content/VRSpectator/Input/Actions/IA_VRSpectator_Toggle.uasset" 244
"C:/Users/Abran/9_Semestre/VR_Proyecto/BeatBoost_VR/Content/VRSpectator/Input/Actions/IA_VRSpectator_Toggle.uexp" 245
"C:/Users/Abran/9_Semestre/VR_Proyecto/BeatBoost_VR/Content/VRSpectator/Input/Actions/IA_VRSpectator_Move.uasset" 246
"C:/Users/Abran/9_Semestre/VR_Proyecto/BeatBoost_VR/Content/VRSpectator/Input/Actions/IA_VRSpectator_Move.uexp" 247
"C:/Users/Abran/9_Semestre/VR_Proyecto/BeatBoost_VR/Content/VRSpectator/Input/Actions/IA_VRSpectator_Look.uasset" 248
"C:/Users/Abran/9_Semestre/VR_Proyecto/BeatBoost_VR/Content/VRSpectator/Input/Actions/IA_VRSpectator_Look.uexp" 249
"C:/Users/Abran/9_Semestre/VR_Proyecto/BeatBoost_VR/Content/VRSpectator/Input/Actions/IA_VRSpectator_FadeInOut.uasset" 250
"C:/Users/Abran/9_Semestre/VR_Proyecto/BeatBoost_VR/Content/VRSpectator/Input/Actions/IA_VRSpectator_FadeInOut.uexp" 251
"C:/Users/Abran/9_Semestre/VR_Proyecto/BeatBoost_VR/Content/VRSpectator/Input/IMC_VRSpectator.uasset" 252
"C:/Users/Abran/9_Semestre/VR_Proyecto/BeatBoost_VR/Content/VRSpectator/Input/IMC_VRSpectator.uexp" 253
"C:/Users/Abran/9_Semestre/VR_Proyecto/BeatBoost_VR/Content/VRSpectator/RT_VRSpectator.uasset" 254
"C:/Users/Abran/9_Semestre/VR_Proyecto/BeatBoost_VR/Content/VRSpectator/RT_VRSpectator.uexp" 255
"../../../Engine/Content/EditorResources/MatineeCam_D.uasset" 256
"../../../Engine/Content/EditorResources/MatineeCam_D.uexp" 257
"../../../Engine/Content/EditorMaterials/MatineeCam_mat.uasset" 258
"../../../Engine/Content/EditorMaterials/MatineeCam_mat.uexp" 259
"../../../Engine/Content/EditorMeshes/MatineeCam_SM.ubulk" 260
"../../../Engine/Content/EditorMeshes/MatineeCam_SM.uasset" 261
"../../../Engine/Content/EditorMeshes/MatineeCam_SM.uexp" 262
"C:/Users/Abran/9_Semestre/VR_Proyecto/BeatBoost_VR/Content/VRSpectator/EVRSpectatorMode.uasset" 263
"C:/Users/Abran/9_Semestre/VR_Proyecto/BeatBoost_VR/Content/VRSpectator/EVRSpectatorMode.uexp" 264
"../../../Engine/Content/EditorBlueprintResources/StandardMacros.uasset" 265
"../../../Engine/Content/EditorBlueprintResources/StandardMacros.uexp" 266
"C:/Users/Abran/9_Semestre/VR_Proyecto/BeatBoost_VR/Content/VRSpectator/VRSpectator.uasset" 267
"C:/Users/Abran/9_Semestre/VR_Proyecto/BeatBoost_VR/Content/VRSpectator/VRSpectator.uexp" 268
"C:/Users/Abran/9_Semestre/VR_Proyecto/BeatBoost_VR/Content/Escenario/Modelos/Vidrio.ubulk" 269
"C:/Users/Abran/9_Semestre/VR_Proyecto/BeatBoost_VR/Content/Escenario/Modelos/Vidrio.uasset" 270
"C:/Users/Abran/9_Semestre/VR_Proyecto/BeatBoost_VR/Content/Escenario/Modelos/Vidrio.uexp" 271
"C:/Users/Abran/9_Semestre/VR_Proyecto/BeatBoost_VR/Content/Escenario/Materiales/Texturas/valla-metalica-alambre-patrones-fisuras_738121-849.uasset" 272
"C:/Users/Abran/9_Semestre/VR_Proyecto/BeatBoost_VR/Content/Escenario/Materiales/Texturas/valla-metalica-alambre-patrones-fisuras_738121-849.uexp" 273
"C:/Users/Abran/9_Semestre/VR_Proyecto/BeatBoost_VR/Content/Escenario/Materiales/Material_006.uasset" 274
"C:/Users/Abran/9_Semestre/VR_Proyecto/BeatBoost_VR/Content/Escenario/Materiales/Material_006.uexp" 275
"C:/Users/Abran/9_Semestre/VR_Proyecto/BeatBoost_VR/Content/Escenario/Modelos/Vallas_Plane_022.ubulk" 276
"C:/Users/Abran/9_Semestre/VR_Proyecto/BeatBoost_VR/Content/Escenario/Modelos/Vallas_Plane_022.uasset" 277
"C:/Users/Abran/9_Semestre/VR_Proyecto/BeatBoost_VR/Content/Escenario/Modelos/Vallas_Plane_022.uexp" 278
"C:/Users/Abran/9_Semestre/VR_Proyecto/BeatBoost_VR/Content/Escenario/Modelos/Vallas_Plane_021.ubulk" 279
"C:/Users/Abran/9_Semestre/VR_Proyecto/BeatBoost_VR/Content/Escenario/Modelos/Vallas_Plane_021.uasset" 280
"C:/Users/Abran/9_Semestre/VR_Proyecto/BeatBoost_VR/Content/Escenario/Modelos/Vallas_Plane_021.uexp" 281
"C:/Users/Abran/9_Semestre/VR_Proyecto/BeatBoost_VR/Content/Escenario/Modelos/Vallas_Plane_020.ubulk" 282
"C:/Users/Abran/9_Semestre/VR_Proyecto/BeatBoost_VR/Content/Escenario/Modelos/Vallas_Plane_020.uasset" 283
"C:/Users/Abran/9_Semestre/VR_Proyecto/BeatBoost_VR/Content/Escenario/Modelos/Vallas_Plane_020.uexp" 284
"C:/Users/Abran/9_Semestre/VR_Proyecto/BeatBoost_VR/Content/Escenario/Modelos/Vallas_Plane_019.ubulk" 285
"C:/Users/Abran/9_Semestre/VR_Proyecto/BeatBoost_VR/Content/Escenario/Modelos/Vallas_Plane_019.uasset" 286
"C:/Users/Abran/9_Semestre/VR_Proyecto/BeatBoost_VR/Content/Escenario/Modelos/Vallas_Plane_019.uexp" 287
"C:/Users/Abran/9_Semestre/VR_Proyecto/BeatBoost_VR/Content/Escenario/Modelos/Porteria_Plane_023.ubulk" 288
"C:/Users/Abran/9_Semestre/VR_Proyecto/BeatBoost_VR/Content/Escenario/Modelos/Porteria_Plane_023.uasset" 289
"C:/Users/Abran/9_Semestre/VR_Proyecto/BeatBoost_VR/Content/Escenario/Modelos/Porteria_Plane_023.uexp" 290
"C:/Users/Abran/9_Semestre/VR_Proyecto/BeatBoost_VR/Content/Escenario/Materiales/Material_010.uasset" 291
"C:/Users/Abran/9_Semestre/VR_Proyecto/BeatBoost_VR/Content/Escenario/Materiales/Material_010.uexp" 292
"C:/Users/Abran/9_Semestre/VR_Proyecto/BeatBoost_VR/Content/Escenario/Modelos/Porteria_Cube_227.ubulk" 293
"C:/Users/Abran/9_Semestre/VR_Proyecto/BeatBoost_VR/Content/Escenario/Modelos/Porteria_Cube_227.uasset" 294
"C:/Users/Abran/9_Semestre/VR_Proyecto/BeatBoost_VR/Content/Escenario/Modelos/Porteria_Cube_227.uexp" 295
"C:/Users/Abran/9_Semestre/VR_Proyecto/BeatBoost_VR/Content/Escenario/Materiales/Texturas/pared-yeso-negro_1194-6859.uasset" 296
"C:/Users/Abran/9_Semestre/VR_Proyecto/BeatBoost_VR/Content/Escenario/Materiales/Texturas/pared-yeso-negro_1194-6859.uexp" 297
"C:/Users/Abran/9_Semestre/VR_Proyecto/BeatBoost_VR/Content/Escenario/Materiales/Material_011.uasset" 298
"C:/Users/Abran/9_Semestre/VR_Proyecto/BeatBoost_VR/Content/Escenario/Materiales/Material_011.uexp" 299
"C:/Users/Abran/9_Semestre/VR_Proyecto/BeatBoost_VR/Content/Escenario/Materiales/Material_015.uasset" 300
"C:/Users/Abran/9_Semestre/VR_Proyecto/BeatBoost_VR/Content/Escenario/Materiales/Material_015.uexp" 301
"C:/Users/Abran/9_Semestre/VR_Proyecto/BeatBoost_VR/Content/Escenario/Modelos/Pantalla.ubulk" 302
"C:/Users/Abran/9_Semestre/VR_Proyecto/BeatBoost_VR/Content/Escenario/Modelos/Pantalla.uasset" 303
"C:/Users/Abran/9_Semestre/VR_Proyecto/BeatBoost_VR/Content/Escenario/Modelos/Pantalla.uexp" 304
"C:/Users/Abran/9_Semestre/VR_Proyecto/BeatBoost_VR/Content/Escenario/Materiales/Material_013.uasset" 305
"C:/Users/Abran/9_Semestre/VR_Proyecto/BeatBoost_VR/Content/Escenario/Materiales/Material_013.uexp" 306
"C:/Users/Abran/9_Semestre/VR_Proyecto/BeatBoost_VR/Content/Escenario/Modelos/Palo1.ubulk" 307
"C:/Users/Abran/9_Semestre/VR_Proyecto/BeatBoost_VR/Content/Escenario/Modelos/Palo1.uasset" 308
"C:/Users/Abran/9_Semestre/VR_Proyecto/BeatBoost_VR/Content/Escenario/Modelos/Palo1.uexp" 309
"C:/Users/Abran/9_Semestre/VR_Proyecto/BeatBoost_VR/Content/Escenario/Modelos/Palo.ubulk" 310
"C:/Users/Abran/9_Semestre/VR_Proyecto/BeatBoost_VR/Content/Escenario/Modelos/Palo.uasset" 311
"C:/Users/Abran/9_Semestre/VR_Proyecto/BeatBoost_VR/Content/Escenario/Modelos/Palo.uexp" 312
"C:/Users/Abran/9_Semestre/VR_Proyecto/BeatBoost_VR/Content/Escenario/Materiales/Material_014.uasset" 313
"C:/Users/Abran/9_Semestre/VR_Proyecto/BeatBoost_VR/Content/Escenario/Materiales/Material_014.uexp" 314
"C:/Users/Abran/9_Semestre/VR_Proyecto/BeatBoost_VR/Content/Escenario/Materiales/Material_012.uasset" 315
"C:/Users/Abran/9_Semestre/VR_Proyecto/BeatBoost_VR/Content/Escenario/Materiales/Material_012.uexp" 316
"C:/Users/Abran/9_Semestre/VR_Proyecto/BeatBoost_VR/Content/Escenario/Materiales/Material_009.uasset" 317
"C:/Users/Abran/9_Semestre/VR_Proyecto/BeatBoost_VR/Content/Escenario/Materiales/Material_009.uexp" 318
"C:/Users/Abran/9_Semestre/VR_Proyecto/BeatBoost_VR/Content/Escenario/Materiales/Texturas/CanchaTextura2.uasset" 319
"C:/Users/Abran/9_Semestre/VR_Proyecto/BeatBoost_VR/Content/Escenario/Materiales/Texturas/CanchaTextura2.uexp" 320
"C:/Users/Abran/9_Semestre/VR_Proyecto/BeatBoost_VR/Content/Escenario/Materiales/Texturas/full-frame-shot-green-rug.uasset" 321
"C:/Users/Abran/9_Semestre/VR_Proyecto/BeatBoost_VR/Content/Escenario/Materiales/Texturas/full-frame-shot-green-rug.uexp" 322
"C:/Users/Abran/9_Semestre/VR_Proyecto/BeatBoost_VR/Content/Escenario/Materiales/Material_008.uasset" 323
"C:/Users/Abran/9_Semestre/VR_Proyecto/BeatBoost_VR/Content/Escenario/Materiales/Material_008.uexp" 324
"C:/Users/Abran/9_Semestre/VR_Proyecto/BeatBoost_VR/Content/Escenario/Materiales/Texturas/istockphoto-1008831834-612x612.uasset" 325
"C:/Users/Abran/9_Semestre/VR_Proyecto/BeatBoost_VR/Content/Escenario/Materiales/Texturas/istockphoto-1008831834-612x612.uexp" 326
"C:/Users/Abran/9_Semestre/VR_Proyecto/BeatBoost_VR/Content/Escenario/Materiales/Material_005.uasset" 327
"C:/Users/Abran/9_Semestre/VR_Proyecto/BeatBoost_VR/Content/Escenario/Materiales/Material_005.uexp" 328
"C:/Users/Abran/9_Semestre/VR_Proyecto/BeatBoost_VR/Content/Escenario/Materiales/Material_002.uasset" 329
"C:/Users/Abran/9_Semestre/VR_Proyecto/BeatBoost_VR/Content/Escenario/Materiales/Material_002.uexp" 330
"C:/Users/Abran/9_Semestre/VR_Proyecto/BeatBoost_VR/Content/Escenario/Materiales/Material_001.uasset" 331
"C:/Users/Abran/9_Semestre/VR_Proyecto/BeatBoost_VR/Content/Escenario/Materiales/Material_001.uexp" 332
"C:/Users/Abran/9_Semestre/VR_Proyecto/BeatBoost_VR/Content/Escenario/Materiales/Texturas/CanchaTextura.uasset" 333
"C:/Users/Abran/9_Semestre/VR_Proyecto/BeatBoost_VR/Content/Escenario/Materiales/Texturas/CanchaTextura.uexp" 334
"C:/Users/Abran/9_Semestre/VR_Proyecto/BeatBoost_VR/Content/Escenario/Materiales/Material.uasset" 335
"C:/Users/Abran/9_Semestre/VR_Proyecto/BeatBoost_VR/Content/Escenario/Materiales/Material.uexp" 336
"C:/Users/Abran/9_Semestre/VR_Proyecto/BeatBoost_VR/Content/Escenario/Modelos/Lamparas.ubulk" 337
"C:/Users/Abran/9_Semestre/VR_Proyecto/BeatBoost_VR/Content/Escenario/Modelos/Lamparas.uasset" 338
"C:/Users/Abran/9_Semestre/VR_Proyecto/BeatBoost_VR/Content/Escenario/Modelos/Lamparas.uexp" 339
"C:/Users/Abran/9_Semestre/VR_Proyecto/BeatBoost_VR/Content/Escenario/Materiales/Texturas/GradasBC_1.ubulk" 340
"C:/Users/Abran/9_Semestre/VR_Proyecto/BeatBoost_VR/Content/Escenario/Materiales/Texturas/GradasBC_1.uasset" 341
"C:/Users/Abran/9_Semestre/VR_Proyecto/BeatBoost_VR/Content/Escenario/Materiales/Texturas/GradasBC_1.uexp" 342
"C:/Users/Abran/9_Semestre/VR_Proyecto/BeatBoost_VR/Content/Escenario/Materiales/Gradas_1.uasset" 343
"C:/Users/Abran/9_Semestre/VR_Proyecto/BeatBoost_VR/Content/Escenario/Materiales/Gradas_1.uexp" 344
"C:/Users/Abran/9_Semestre/VR_Proyecto/BeatBoost_VR/Content/Escenario/Modelos/Fierros.ubulk" 345
"C:/Users/Abran/9_Semestre/VR_Proyecto/BeatBoost_VR/Content/Escenario/Modelos/Fierros.uasset" 346
"C:/Users/Abran/9_Semestre/VR_Proyecto/BeatBoost_VR/Content/Escenario/Modelos/Fierros.uexp" 347
"C:/Users/Abran/9_Semestre/VR_Proyecto/BeatBoost_VR/Content/Escenario/Modelos/Estadio4_Cube_190.ubulk" 348
"C:/Users/Abran/9_Semestre/VR_Proyecto/BeatBoost_VR/Content/Escenario/Modelos/Estadio4_Cube_190.uasset" 349
"C:/Users/Abran/9_Semestre/VR_Proyecto/BeatBoost_VR/Content/Escenario/Modelos/Estadio4_Cube_190.uexp" 350
"C:/Users/Abran/9_Semestre/VR_Proyecto/BeatBoost_VR/Content/Escenario/Modelos/Estadio4_Cube_189.ubulk" 351
"C:/Users/Abran/9_Semestre/VR_Proyecto/BeatBoost_VR/Content/Escenario/Modelos/Estadio4_Cube_189.uasset" 352
"C:/Users/Abran/9_Semestre/VR_Proyecto/BeatBoost_VR/Content/Escenario/Modelos/Estadio4_Cube_189.uexp" 353
"C:/Users/Abran/9_Semestre/VR_Proyecto/BeatBoost_VR/Content/Escenario/Modelos/Estadio4_Cube_187.ubulk" 354
"C:/Users/Abran/9_Semestre/VR_Proyecto/BeatBoost_VR/Content/Escenario/Modelos/Estadio4_Cube_187.uasset" 355
"C:/Users/Abran/9_Semestre/VR_Proyecto/BeatBoost_VR/Content/Escenario/Modelos/Estadio4_Cube_187.uexp" 356
"C:/Users/Abran/9_Semestre/VR_Proyecto/BeatBoost_VR/Content/Escenario/Modelos/Estadio4_Cube_105.ubulk" 357
"C:/Users/Abran/9_Semestre/VR_Proyecto/BeatBoost_VR/Content/Escenario/Modelos/Estadio4_Cube_105.uasset" 358
"C:/Users/Abran/9_Semestre/VR_Proyecto/BeatBoost_VR/Content/Escenario/Modelos/Estadio4_Cube_105.uexp" 359
"C:/Users/Abran/9_Semestre/VR_Proyecto/BeatBoost_VR/Content/Escenario/Modelos/Estadio.ubulk" 360
"C:/Users/Abran/9_Semestre/VR_Proyecto/BeatBoost_VR/Content/Escenario/Modelos/Estadio.uasset" 361
"C:/Users/Abran/9_Semestre/VR_Proyecto/BeatBoost_VR/Content/Escenario/Modelos/Estadio.uexp" 362
"C:/Users/Abran/9_Semestre/VR_Proyecto/BeatBoost_VR/Content/Escenario/Modelos/chancha_Cube_215.ubulk" 363
"C:/Users/Abran/9_Semestre/VR_Proyecto/BeatBoost_VR/Content/Escenario/Modelos/chancha_Cube_215.uasset" 364
"C:/Users/Abran/9_Semestre/VR_Proyecto/BeatBoost_VR/Content/Escenario/Modelos/chancha_Cube_215.uexp" 365
"C:/Users/Abran/9_Semestre/VR_Proyecto/BeatBoost_VR/Content/Escenario/Modelos/chancha_Cube_214.ubulk" 366
"C:/Users/Abran/9_Semestre/VR_Proyecto/BeatBoost_VR/Content/Escenario/Modelos/chancha_Cube_214.uasset" 367
"C:/Users/Abran/9_Semestre/VR_Proyecto/BeatBoost_VR/Content/Escenario/Modelos/chancha_Cube_214.uexp" 368
"C:/Users/Abran/9_Semestre/VR_Proyecto/BeatBoost_VR/Content/Escenario/Modelos/Cercas2_1.ubulk" 369
"C:/Users/Abran/9_Semestre/VR_Proyecto/BeatBoost_VR/Content/Escenario/Modelos/Cercas2_1.uasset" 370
"C:/Users/Abran/9_Semestre/VR_Proyecto/BeatBoost_VR/Content/Escenario/Modelos/Cercas2_1.uexp" 371
"C:/Users/Abran/9_Semestre/VR_Proyecto/BeatBoost_VR/Content/Escenario/Modelos/Cercas2.ubulk" 372
"C:/Users/Abran/9_Semestre/VR_Proyecto/BeatBoost_VR/Content/Escenario/Modelos/Cercas2.uasset" 373
"C:/Users/Abran/9_Semestre/VR_Proyecto/BeatBoost_VR/Content/Escenario/Modelos/Cercas2.uexp" 374
"C:/Users/Abran/9_Semestre/VR_Proyecto/BeatBoost_VR/Content/Escenario/Modelos/Cercas1_Cube_219.ubulk" 375
"C:/Users/Abran/9_Semestre/VR_Proyecto/BeatBoost_VR/Content/Escenario/Modelos/Cercas1_Cube_219.uasset" 376
"C:/Users/Abran/9_Semestre/VR_Proyecto/BeatBoost_VR/Content/Escenario/Modelos/Cercas1_Cube_219.uexp" 377
"C:/Users/Abran/9_Semestre/VR_Proyecto/BeatBoost_VR/Content/Escenario/Modelos/Cercas1_Cube_218.ubulk" 378
"C:/Users/Abran/9_Semestre/VR_Proyecto/BeatBoost_VR/Content/Escenario/Modelos/Cercas1_Cube_218.uasset" 379
"C:/Users/Abran/9_Semestre/VR_Proyecto/BeatBoost_VR/Content/Escenario/Modelos/Cercas1_Cube_218.uexp" 380
"C:/Users/Abran/9_Semestre/VR_Proyecto/BeatBoost_VR/Content/Escenario/Modelos/Cercas1_1.ubulk" 381
"C:/Users/Abran/9_Semestre/VR_Proyecto/BeatBoost_VR/Content/Escenario/Modelos/Cercas1_1.uasset" 382
"C:/Users/Abran/9_Semestre/VR_Proyecto/BeatBoost_VR/Content/Escenario/Modelos/Cercas1_1.uexp" 383
"C:/Users/Abran/9_Semestre/VR_Proyecto/BeatBoost_VR/Content/Escenario/BP_Valla3.uasset" 384
"C:/Users/Abran/9_Semestre/VR_Proyecto/BeatBoost_VR/Content/Escenario/BP_Valla3.uexp" 385
"C:/Users/Abran/9_Semestre/VR_Proyecto/BeatBoost_VR/Content/Escenario/BP_Valla2.uasset" 386
"C:/Users/Abran/9_Semestre/VR_Proyecto/BeatBoost_VR/Content/Escenario/BP_Valla2.uexp" 387
"C:/Users/Abran/9_Semestre/VR_Proyecto/BeatBoost_VR/Content/Escenario/BP_Valla1.uasset" 388
"C:/Users/Abran/9_Semestre/VR_Proyecto/BeatBoost_VR/Content/Escenario/BP_Valla1.uexp" 389
"C:/Users/Abran/9_Semestre/VR_Proyecto/BeatBoost_VR/Content/Escenario/BP_Pilares.uasset" 390
"C:/Users/Abran/9_Semestre/VR_Proyecto/BeatBoost_VR/Content/Escenario/BP_Pilares.uexp" 391
"C:/Users/Abran/9_Semestre/VR_Proyecto/BeatBoost_VR/Content/Escenario/BP_Palos1.uasset" 392
"C:/Users/Abran/9_Semestre/VR_Proyecto/BeatBoost_VR/Content/Escenario/BP_Palos1.uexp" 393
"C:/Users/Abran/9_Semestre/VR_Proyecto/BeatBoost_VR/Content/Escenario/BP_Palos.uasset" 394
"C:/Users/Abran/9_Semestre/VR_Proyecto/BeatBoost_VR/Content/Escenario/BP_Palos.uexp" 395
"C:/Users/Abran/9_Semestre/VR_Proyecto/BeatBoost_VR/Content/Escenario/BP_Lampara.uasset" 396
"C:/Users/Abran/9_Semestre/VR_Proyecto/BeatBoost_VR/Content/Escenario/BP_Lampara.uexp" 397
"C:/Users/Abran/9_Semestre/VR_Proyecto/BeatBoost_VR/Content/Escenario/BP_Gradas2.uasset" 398
"C:/Users/Abran/9_Semestre/VR_Proyecto/BeatBoost_VR/Content/Escenario/BP_Gradas2.uexp" 399
"C:/Users/Abran/9_Semestre/VR_Proyecto/BeatBoost_VR/Content/Escenario/BP_Gradas1_V2.uasset" 400
"C:/Users/Abran/9_Semestre/VR_Proyecto/BeatBoost_VR/Content/Escenario/BP_Gradas1_V2.uexp" 401
"C:/Users/Abran/9_Semestre/VR_Proyecto/BeatBoost_VR/Content/Escenario/BP_Gradas1.uasset" 402
"C:/Users/Abran/9_Semestre/VR_Proyecto/BeatBoost_VR/Content/Escenario/BP_Gradas1.uexp" 403
"C:/Users/Abran/9_Semestre/VR_Proyecto/BeatBoost_VR/Content/Escenario/BP_Grada2_V2.uasset" 404
"C:/Users/Abran/9_Semestre/VR_Proyecto/BeatBoost_VR/Content/Escenario/BP_Grada2_V2.uexp" 405
"C:/Users/Abran/9_Semestre/VR_Proyecto/BeatBoost_VR/Content/Escenario/BP_Fierros.uasset" 406
"C:/Users/Abran/9_Semestre/VR_Proyecto/BeatBoost_VR/Content/Escenario/BP_Fierros.uexp" 407
"C:/Users/Abran/9_Semestre/VR_Proyecto/BeatBoost_VR/Content/Escenario/Modelos/Bases_Cube_236.ubulk" 408
"C:/Users/Abran/9_Semestre/VR_Proyecto/BeatBoost_VR/Content/Escenario/Modelos/Bases_Cube_236.uasset" 409
"C:/Users/Abran/9_Semestre/VR_Proyecto/BeatBoost_VR/Content/Escenario/Modelos/Bases_Cube_236.uexp" 410
"C:/Users/Abran/9_Semestre/VR_Proyecto/BeatBoost_VR/Content/Escenario/BP_Bases2.uasset" 411
"C:/Users/Abran/9_Semestre/VR_Proyecto/BeatBoost_VR/Content/Escenario/BP_Bases2.uexp" 412
"C:/Users/Abran/9_Semestre/VR_Proyecto/BeatBoost_VR/Content/Escenario/Modelos/Bases_Cube_237.ubulk" 413
"C:/Users/Abran/9_Semestre/VR_Proyecto/BeatBoost_VR/Content/Escenario/Modelos/Bases_Cube_237.uasset" 414
"C:/Users/Abran/9_Semestre/VR_Proyecto/BeatBoost_VR/Content/Escenario/Modelos/Bases_Cube_237.uexp" 415
"C:/Users/Abran/9_Semestre/VR_Proyecto/BeatBoost_VR/Content/Escenario/BP_Bases1.uasset" 416
"C:/Users/Abran/9_Semestre/VR_Proyecto/BeatBoost_VR/Content/Escenario/BP_Bases1.uexp" 417
"C:/Users/Abran/9_Semestre/VR_Proyecto/BeatBoost_VR/Content/Escenario/BP_Barrera3.uasset" 418
"C:/Users/Abran/9_Semestre/VR_Proyecto/BeatBoost_VR/Content/Escenario/BP_Barrera3.uexp" 419
"C:/Users/Abran/9_Semestre/VR_Proyecto/BeatBoost_VR/Content/Escenario/BP_Barrera2.uasset" 420
"C:/Users/Abran/9_Semestre/VR_Proyecto/BeatBoost_VR/Content/Escenario/BP_Barrera2.uexp" 421
"C:/Users/Abran/9_Semestre/VR_Proyecto/BeatBoost_VR/Content/Escenario/BP_Barrera1.uasset" 422
"C:/Users/Abran/9_Semestre/VR_Proyecto/BeatBoost_VR/Content/Escenario/BP_Barrera1.uexp" 423
"C:/Users/Abran/9_Semestre/VR_Proyecto/BeatBoost_VR/Content/Escenario/Modelos/Asientos.ubulk" 424
"C:/Users/Abran/9_Semestre/VR_Proyecto/BeatBoost_VR/Content/Escenario/Modelos/Asientos.uasset" 425
"C:/Users/Abran/9_Semestre/VR_Proyecto/BeatBoost_VR/Content/Escenario/Modelos/Asientos.uexp" 426
"C:/Users/Abran/9_Semestre/VR_Proyecto/BeatBoost_VR/Content/Escenario/BP_Asientos.uasset" 427
"C:/Users/Abran/9_Semestre/VR_Proyecto/BeatBoost_VR/Content/Escenario/BP_Asientos.uexp" 428
"C:/Users/Abran/9_Semestre/VR_Proyecto/BeatBoost_VR/Content/Escenario/Multimedia/Imagenes/barraloca.uasset" 429
"C:/Users/Abran/9_Semestre/VR_Proyecto/BeatBoost_VR/Content/Escenario/Multimedia/Imagenes/barraloca.uexp" 430
"C:/Users/Abran/9_Semestre/VR_Proyecto/BeatBoost_VR/Content/VRTemplate/Input/Actions/Hands/IA_Hand_Point_Left.uasset" 431
"C:/Users/Abran/9_Semestre/VR_Proyecto/BeatBoost_VR/Content/VRTemplate/Input/Actions/Hands/IA_Hand_Point_Left.uexp" 432
"C:/Users/Abran/9_Semestre/VR_Proyecto/BeatBoost_VR/Content/VRTemplate/Input/Actions/Hands/IA_Hand_ThumbUp_Left.uasset" 433
"C:/Users/Abran/9_Semestre/VR_Proyecto/BeatBoost_VR/Content/VRTemplate/Input/Actions/Hands/IA_Hand_ThumbUp_Left.uexp" 434
"C:/Users/Abran/9_Semestre/VR_Proyecto/BeatBoost_VR/Content/VRTemplate/Input/Actions/Hands/IA_Hand_IndexCurl_Right.uasset" 435
"C:/Users/Abran/9_Semestre/VR_Proyecto/BeatBoost_VR/Content/VRTemplate/Input/Actions/Hands/IA_Hand_IndexCurl_Right.uexp" 436
"C:/Users/Abran/9_Semestre/VR_Proyecto/BeatBoost_VR/Content/VRTemplate/Input/Actions/Hands/IA_Hand_Point_Right.uasset" 437
"C:/Users/Abran/9_Semestre/VR_Proyecto/BeatBoost_VR/Content/VRTemplate/Input/Actions/Hands/IA_Hand_Point_Right.uexp" 438
"C:/Users/Abran/9_Semestre/VR_Proyecto/BeatBoost_VR/Content/VRTemplate/Input/Actions/Hands/IA_Hand_Grasp_Right.uasset" 439
"C:/Users/Abran/9_Semestre/VR_Proyecto/BeatBoost_VR/Content/VRTemplate/Input/Actions/Hands/IA_Hand_Grasp_Right.uexp" 440
"C:/Users/Abran/9_Semestre/VR_Proyecto/BeatBoost_VR/Content/VRTemplate/Input/Actions/Hands/IA_Hand_Grasp_Left.uasset" 441
"C:/Users/Abran/9_Semestre/VR_Proyecto/BeatBoost_VR/Content/VRTemplate/Input/Actions/Hands/IA_Hand_Grasp_Left.uexp" 442
"C:/Users/Abran/9_Semestre/VR_Proyecto/BeatBoost_VR/Content/VRTemplate/Input/Actions/Hands/IA_Hand_IndexCurl_Left.uasset" 443
"C:/Users/Abran/9_Semestre/VR_Proyecto/BeatBoost_VR/Content/VRTemplate/Input/Actions/Hands/IA_Hand_IndexCurl_Left.uexp" 444
"C:/Users/Abran/9_Semestre/VR_Proyecto/BeatBoost_VR/Content/VRTemplate/Input/Actions/Hands/IA_Hand_ThumbUp_Right.uasset" 445
"C:/Users/Abran/9_Semestre/VR_Proyecto/BeatBoost_VR/Content/VRTemplate/Input/Actions/Hands/IA_Hand_ThumbUp_Right.uexp" 446
"C:/Users/Abran/9_Semestre/VR_Proyecto/BeatBoost_VR/Content/VRTemplate/Input/IMC_Hands.uasset" 447
"C:/Users/Abran/9_Semestre/VR_Proyecto/BeatBoost_VR/Content/VRTemplate/Input/IMC_Hands.uexp" 448
"C:/Users/Abran/9_Semestre/VR_Proyecto/BeatBoost_VR/Content/VRTemplate/Input/Actions/IA_Menu_Toggle_Left.uasset" 449
"C:/Users/Abran/9_Semestre/VR_Proyecto/BeatBoost_VR/Content/VRTemplate/Input/Actions/IA_Menu_Toggle_Left.uexp" 450
"C:/Users/Abran/9_Semestre/VR_Proyecto/BeatBoost_VR/Content/StarterContent/Materials/M_Basic_Wall.uasset" 451
"C:/Users/Abran/9_Semestre/VR_Proyecto/BeatBoost_VR/Content/StarterContent/Materials/M_Basic_Wall.uexp" 452
"C:/Users/Abran/9_Semestre/VR_Proyecto/BeatBoost_VR/Content/StarterContent/Shapes/Shape_Cylinder.ubulk" 453
"C:/Users/Abran/9_Semestre/VR_Proyecto/BeatBoost_VR/Content/StarterContent/Shapes/Shape_Cylinder.uasset" 454
"C:/Users/Abran/9_Semestre/VR_Proyecto/BeatBoost_VR/Content/StarterContent/Shapes/Shape_Cylinder.uexp" 455
"C:/Users/Abran/9_Semestre/VR_Proyecto/BeatBoost_VR/Content/VRTemplate/Haptics/GrabHapticEffect.uasset" 456
"C:/Users/Abran/9_Semestre/VR_Proyecto/BeatBoost_VR/Content/VRTemplate/Haptics/GrabHapticEffect.uexp" 457
"C:/Users/Abran/9_Semestre/VR_Proyecto/BeatBoost_VR/Content/VRTemplate/Blueprints/GrabType.uasset" 458
"C:/Users/Abran/9_Semestre/VR_Proyecto/BeatBoost_VR/Content/VRTemplate/Blueprints/GrabType.uexp" 459
"C:/Users/Abran/9_Semestre/VR_Proyecto/BeatBoost_VR/Content/VRTemplate/Blueprints/GrabComponent.uasset" 460
"C:/Users/Abran/9_Semestre/VR_Proyecto/BeatBoost_VR/Content/VRTemplate/Blueprints/GrabComponent.uexp" 461
"C:/Users/Abran/9_Semestre/VR_Proyecto/BeatBoost_VR/Content/VRTemplate/Input/B_InputModifier_XAxisPositiveOnly.uasset" 462
"C:/Users/Abran/9_Semestre/VR_Proyecto/BeatBoost_VR/Content/VRTemplate/Input/B_InputModifier_XAxisPositiveOnly.uexp" 463
"C:/Users/Abran/9_Semestre/VR_Proyecto/BeatBoost_VR/Content/VRTemplate/Input/Actions/IA_Move.uasset" 464
"C:/Users/Abran/9_Semestre/VR_Proyecto/BeatBoost_VR/Content/VRTemplate/Input/Actions/IA_Move.uexp" 465
"C:/Users/Abran/9_Semestre/VR_Proyecto/BeatBoost_VR/Content/Escenario/Multimedia/Sonidos/Shakira_-_Zoo.ubulk" 466
"C:/Users/Abran/9_Semestre/VR_Proyecto/BeatBoost_VR/Content/Escenario/Multimedia/Sonidos/Shakira_-_Zoo.uasset" 467
"C:/Users/Abran/9_Semestre/VR_Proyecto/BeatBoost_VR/Content/Escenario/Multimedia/Sonidos/Shakira_-_Zoo.uexp" 468
"C:/Users/Abran/9_Semestre/VR_Proyecto/BeatBoost_VR/Content/VRTemplate/Input/Actions/IA_Turn.uasset" 469
"C:/Users/Abran/9_Semestre/VR_Proyecto/BeatBoost_VR/Content/VRTemplate/Input/Actions/IA_Turn.uexp" 470
"C:/Users/Abran/9_Semestre/VR_Proyecto/BeatBoost_VR/Content/VRTemplate/Input/Actions/IA_Menu_Toggle_Right.uasset" 471
"C:/Users/Abran/9_Semestre/VR_Proyecto/BeatBoost_VR/Content/VRTemplate/Input/Actions/IA_Menu_Toggle_Right.uexp" 472
"C:/Users/Abran/9_Semestre/VR_Proyecto/BeatBoost_VR/Content/VRTemplate/Input/Actions/IA_Grab_Left.uasset" 473
"C:/Users/Abran/9_Semestre/VR_Proyecto/BeatBoost_VR/Content/VRTemplate/Input/Actions/IA_Grab_Left.uexp" 474
"C:/Users/Abran/9_Semestre/VR_Proyecto/BeatBoost_VR/Content/VRTemplate/Input/Actions/IA_Grab_Right.uasset" 475
"C:/Users/Abran/9_Semestre/VR_Proyecto/BeatBoost_VR/Content/VRTemplate/Input/Actions/IA_Grab_Right.uexp" 476
"C:/Users/Abran/9_Semestre/VR_Proyecto/BeatBoost_VR/Content/VRTemplate/Input/IMC_Default.uasset" 477
"C:/Users/Abran/9_Semestre/VR_Proyecto/BeatBoost_VR/Content/VRTemplate/Input/IMC_Default.uexp" 478
"C:/Users/Abran/9_Semestre/VR_Proyecto/BeatBoost_VR/Content/Escenario/Multimedia/Imagenes/Logo.uasset" 479
"C:/Users/Abran/9_Semestre/VR_Proyecto/BeatBoost_VR/Content/Escenario/Multimedia/Imagenes/Logo.uexp" 480
"C:/Users/Abran/9_Semestre/VR_Proyecto/BeatBoost_VR/Content/Escenario/Widgets/UW_Pantalla.uasset" 481
"C:/Users/Abran/9_Semestre/VR_Proyecto/BeatBoost_VR/Content/Escenario/Widgets/UW_Pantalla.uexp" 482
"C:/Users/Abran/9_Semestre/VR_Proyecto/BeatBoost_VR/Content/Escenario/Widgets/BP_Pantalla.uasset" 483
"C:/Users/Abran/9_Semestre/VR_Proyecto/BeatBoost_VR/Content/Escenario/Widgets/BP_Pantalla.uexp" 484
"C:/Users/Abran/9_Semestre/VR_Proyecto/BeatBoost_VR/Content/Escenario/Jugabilidad/ST_PatronNivel.uasset" 485
"C:/Users/Abran/9_Semestre/VR_Proyecto/BeatBoost_VR/Content/Escenario/Jugabilidad/ST_PatronNivel.uexp" 486
"C:/Users/Abran/9_Semestre/VR_Proyecto/BeatBoost_VR/Content/Escenario/Modelos/Esfera.ubulk" 487
"C:/Users/Abran/9_Semestre/VR_Proyecto/BeatBoost_VR/Content/Escenario/Modelos/Esfera.uasset" 488
"C:/Users/Abran/9_Semestre/VR_Proyecto/BeatBoost_VR/Content/Escenario/Modelos/Esfera.uexp" 489
"C:/Users/Abran/9_Semestre/VR_Proyecto/BeatBoost_VR/Content/Escenario/Jugabilidad/BP_Nota.uasset" 490
"C:/Users/Abran/9_Semestre/VR_Proyecto/BeatBoost_VR/Content/Escenario/Jugabilidad/BP_Nota.uexp" 491
"C:/Users/Abran/9_Semestre/VR_Proyecto/BeatBoost_VR/Content/Escenario/Jugabilidad/DT_MiCancion.uasset" 492
"C:/Users/Abran/9_Semestre/VR_Proyecto/BeatBoost_VR/Content/Escenario/Jugabilidad/DT_MiCancion.uexp" 493
"C:/Users/Abran/9_Semestre/VR_Proyecto/BeatBoost_VR/Content/Escenario/Jugabilidad/BP_TreackerManager.uasset" 494
"C:/Users/Abran/9_Semestre/VR_Proyecto/BeatBoost_VR/Content/Escenario/Jugabilidad/BP_TreackerManager.uexp" 495
"C:/Users/Abran/9_Semestre/VR_Proyecto/BeatBoost_VR/Content/VRTemplate/VFX/NPC_VRTemplate.uasset" 496
"C:/Users/Abran/9_Semestre/VR_Proyecto/BeatBoost_VR/Content/VRTemplate/VFX/NPC_VRTemplate.uexp" 497
"../../../Engine/Content/Functions/Engine_MaterialFunctions02/Utility/CameraDirectionVector.uasset" 498
"../../../Engine/Content/Functions/Engine_MaterialFunctions02/Utility/CameraDirectionVector.uexp" 499
"../../../Engine/Content/EngineMaterials/Good64x64TilingNoiseHighFreq.uasset" 500
"../../../Engine/Content/EngineMaterials/Good64x64TilingNoiseHighFreq.uexp" 501
"../../../Engine/Content/Functions/Engine_MaterialFunctions02/Utility/DepthFromWorldPosition.uasset" 502
"../../../Engine/Content/Functions/Engine_MaterialFunctions02/Utility/DepthFromWorldPosition.uexp" 503
"C:/Users/Abran/9_Semestre/VR_Proyecto/BeatBoost_VR/Content/VRTemplate/Materials/Functions/MF_OccludedPixels.uasset" 504
"C:/Users/Abran/9_Semestre/VR_Proyecto/BeatBoost_VR/Content/VRTemplate/Materials/Functions/MF_OccludedPixels.uexp" 505
"C:/Users/Abran/9_Semestre/VR_Proyecto/BeatBoost_VR/Content/VRTemplate/Materials/M_TeleportNoise.uasset" 506
"C:/Users/Abran/9_Semestre/VR_Proyecto/BeatBoost_VR/Content/VRTemplate/Materials/M_TeleportNoise.uexp" 507
"C:/Users/Abran/9_Semestre/VR_Proyecto/BeatBoost_VR/Content/VRTemplate/VFX/NS_PlayAreaBounds.uasset" 508
"C:/Users/Abran/9_Semestre/VR_Proyecto/BeatBoost_VR/Content/VRTemplate/VFX/NS_PlayAreaBounds.uexp" 509
"../../../Engine/Content/EngineMaterials/DefaultMaterial.uasset" 510
"../../../Engine/Content/EngineMaterials/DefaultMaterial.uexp" 511
"../../../Engine/Content/BasicShapes/Cylinder.ubulk" 512
"../../../Engine/Content/BasicShapes/Cylinder.uasset" 513
"../../../Engine/Content/BasicShapes/Cylinder.uexp" 514
"C:/Users/Abran/9_Semestre/VR_Proyecto/BeatBoost_VR/Content/VRTemplate/Materials/M_TeleportCylinder.uasset" 515
"C:/Users/Abran/9_Semestre/VR_Proyecto/BeatBoost_VR/Content/VRTemplate/Materials/M_TeleportCylinder.uexp" 516
"C:/Users/Abran/9_Semestre/VR_Proyecto/BeatBoost_VR/Content/VRTemplate/VFX/NS_TeleportRing.uasset" 517
"C:/Users/Abran/9_Semestre/VR_Proyecto/BeatBoost_VR/Content/VRTemplate/VFX/NS_TeleportRing.uexp" 518
"C:/Users/Abran/9_Semestre/VR_Proyecto/BeatBoost_VR/Content/VRTemplate/Blueprints/VRTeleportVisualizer.uasset" 519
"C:/Users/Abran/9_Semestre/VR_Proyecto/BeatBoost_VR/Content/VRTemplate/Blueprints/VRTeleportVisualizer.uexp" 520
"C:/Users/Abran/9_Semestre/VR_Proyecto/BeatBoost_VR/Content/Characters/MannequinsXR/Textures/Manny/T_Manny_02_MSR_MSK.ubulk" 521
"C:/Users/Abran/9_Semestre/VR_Proyecto/BeatBoost_VR/Content/Characters/MannequinsXR/Textures/Manny/T_Manny_02_MSR_MSK.uasset" 522
"C:/Users/Abran/9_Semestre/VR_Proyecto/BeatBoost_VR/Content/Characters/MannequinsXR/Textures/Manny/T_Manny_02_MSR_MSK.uexp" 523
"C:/Users/Abran/9_Semestre/VR_Proyecto/BeatBoost_VR/Content/Characters/MannequinsXR/Textures/Manny/T_Manny_02_N.ubulk" 524
"C:/Users/Abran/9_Semestre/VR_Proyecto/BeatBoost_VR/Content/Characters/MannequinsXR/Textures/Manny/T_Manny_02_N.uasset" 525
"C:/Users/Abran/9_Semestre/VR_Proyecto/BeatBoost_VR/Content/Characters/MannequinsXR/Textures/Manny/T_Manny_02_N.uexp" 526
"C:/Users/Abran/9_Semestre/VR_Proyecto/BeatBoost_VR/Content/Characters/MannequinsXR/Textures/Manny/T_Manny_02_Tan.ubulk" 527
"C:/Users/Abran/9_Semestre/VR_Proyecto/BeatBoost_VR/Content/Characters/MannequinsXR/Textures/Manny/T_Manny_02_Tan.uasset" 528
"C:/Users/Abran/9_Semestre/VR_Proyecto/BeatBoost_VR/Content/Characters/MannequinsXR/Textures/Manny/T_Manny_02_Tan.uexp" 529
"C:/Users/Abran/9_Semestre/VR_Proyecto/BeatBoost_VR/Content/Characters/MannequinsXR/Textures/Manny/T_Manny_01_BN.ubulk" 530
"C:/Users/Abran/9_Semestre/VR_Proyecto/BeatBoost_VR/Content/Characters/MannequinsXR/Textures/Manny/T_Manny_01_BN.uasset" 531
"C:/Users/Abran/9_Semestre/VR_Proyecto/BeatBoost_VR/Content/Characters/MannequinsXR/Textures/Manny/T_Manny_01_BN.uexp" 532
"C:/Users/Abran/9_Semestre/VR_Proyecto/BeatBoost_VR/Content/Characters/MannequinsXR/Textures/Manny/T_Manny_01_ASAOPMASK_MSK.ubulk" 533
"C:/Users/Abran/9_Semestre/VR_Proyecto/BeatBoost_VR/Content/Characters/MannequinsXR/Textures/Manny/T_Manny_01_ASAOPMASK_MSK.uasset" 534
"C:/Users/Abran/9_Semestre/VR_Proyecto/BeatBoost_VR/Content/Characters/MannequinsXR/Textures/Manny/T_Manny_01_ASAOPMASK_MSK.uexp" 535
"C:/Users/Abran/9_Semestre/VR_Proyecto/BeatBoost_VR/Content/Characters/MannequinsXR/Textures/Manny/T_Manny_01_D.ubulk" 536
"C:/Users/Abran/9_Semestre/VR_Proyecto/BeatBoost_VR/Content/Characters/MannequinsXR/Textures/Manny/T_Manny_01_D.uasset" 537
"C:/Users/Abran/9_Semestre/VR_Proyecto/BeatBoost_VR/Content/Characters/MannequinsXR/Textures/Manny/T_Manny_01_D.uexp" 538
"C:/Users/Abran/9_Semestre/VR_Proyecto/BeatBoost_VR/Content/Characters/MannequinsXR/Textures/Manny/T_Manny_01_Tan.ubulk" 539
"C:/Users/Abran/9_Semestre/VR_Proyecto/BeatBoost_VR/Content/Characters/MannequinsXR/Textures/Manny/T_Manny_01_Tan.uasset" 540
"C:/Users/Abran/9_Semestre/VR_Proyecto/BeatBoost_VR/Content/Characters/MannequinsXR/Textures/Manny/T_Manny_01_Tan.uexp" 541
"C:/Users/Abran/9_Semestre/VR_Proyecto/BeatBoost_VR/Content/Characters/MannequinsXR/Textures/Manny/T_Manny_01_N.ubulk" 542
"C:/Users/Abran/9_Semestre/VR_Proyecto/BeatBoost_VR/Content/Characters/MannequinsXR/Textures/Manny/T_Manny_01_N.uasset" 543
"C:/Users/Abran/9_Semestre/VR_Proyecto/BeatBoost_VR/Content/Characters/MannequinsXR/Textures/Manny/T_Manny_01_N.uexp" 544
"C:/Users/Abran/9_Semestre/VR_Proyecto/BeatBoost_VR/Content/Characters/MannequinsXR/Textures/Manny/T_Manny_01_MSR_MSK.ubulk" 545
"C:/Users/Abran/9_Semestre/VR_Proyecto/BeatBoost_VR/Content/Characters/MannequinsXR/Textures/Manny/T_Manny_01_MSR_MSK.uasset" 546
"C:/Users/Abran/9_Semestre/VR_Proyecto/BeatBoost_VR/Content/Characters/MannequinsXR/Textures/Manny/T_Manny_01_MSR_MSK.uexp" 547
"C:/Users/Abran/9_Semestre/VR_Proyecto/BeatBoost_VR/Content/Characters/MannequinsXR/Textures/Manny/T_Manny_01_CCRCCPlastic_MSK.ubulk" 548
"C:/Users/Abran/9_Semestre/VR_Proyecto/BeatBoost_VR/Content/Characters/MannequinsXR/Textures/Manny/T_Manny_01_CCRCCPlastic_MSK.uasset" 549
"C:/Users/Abran/9_Semestre/VR_Proyecto/BeatBoost_VR/Content/Characters/MannequinsXR/Textures/Manny/T_Manny_01_CCRCCPlastic_MSK.uexp" 550
"C:/Users/Abran/9_Semestre/VR_Proyecto/BeatBoost_VR/Content/Characters/MannequinsXR/Materials/Functions/ML_BaseColorFallOff.uasset" 551
"C:/Users/Abran/9_Semestre/VR_Proyecto/BeatBoost_VR/Content/Characters/MannequinsXR/Materials/Functions/ML_BaseColorFallOff.uexp" 552
"C:/Users/Abran/9_Semestre/VR_Proyecto/BeatBoost_VR/Content/Characters/MannequinsXR/Materials/Functions/ChromaticCurve.uasset" 553
"C:/Users/Abran/9_Semestre/VR_Proyecto/BeatBoost_VR/Content/Characters/MannequinsXR/Materials/Functions/ChromaticCurve.uexp" 554
"C:/Users/Abran/9_Semestre/VR_Proyecto/BeatBoost_VR/Content/Characters/MannequinsXR/Materials/Functions/CA_Mannequin.uasset" 555
"C:/Users/Abran/9_Semestre/VR_Proyecto/BeatBoost_VR/Content/Characters/MannequinsXR/Materials/Functions/CA_Mannequin.uexp" 556
"C:/Users/Abran/9_Semestre/VR_Proyecto/BeatBoost_VR/Content/Characters/MannequinsXR/Materials/Functions/MF_Diffraction.uasset" 557
"C:/Users/Abran/9_Semestre/VR_Proyecto/BeatBoost_VR/Content/Characters/MannequinsXR/Materials/Functions/MF_Diffraction.uexp" 558
"C:/Users/Abran/9_Semestre/VR_Proyecto/BeatBoost_VR/Content/Characters/MannequinsXR/Textures/Shared/T_UE_Logo_M.uasset" 559
"C:/Users/Abran/9_Semestre/VR_Proyecto/BeatBoost_VR/Content/Characters/MannequinsXR/Textures/Shared/T_UE_Logo_M.uexp" 560
"../../../Engine/Content/Functions/Engine_MaterialFunctions02/Utility/BreakOutFloat2Components.uasset" 561
"../../../Engine/Content/Functions/Engine_MaterialFunctions02/Utility/BreakOutFloat2Components.uexp" 562
"../../../Engine/Content/Functions/Engine_MaterialFunctions01/Texturing/ScaleUVsByCenter.uasset" 563
"../../../Engine/Content/Functions/Engine_MaterialFunctions01/Texturing/ScaleUVsByCenter.uexp" 564
"C:/Users/Abran/9_Semestre/VR_Proyecto/BeatBoost_VR/Content/Characters/MannequinsXR/Materials/Functions/MF_logo3layers.uasset" 565
"C:/Users/Abran/9_Semestre/VR_Proyecto/BeatBoost_VR/Content/Characters/MannequinsXR/Materials/Functions/MF_logo3layers.uexp" 566
"C:/Users/Abran/9_Semestre/VR_Proyecto/BeatBoost_VR/Content/Characters/MannequinsXR/Materials/M_Mannequin.uasset" 567
"C:/Users/Abran/9_Semestre/VR_Proyecto/BeatBoost_VR/Content/Characters/MannequinsXR/Materials/M_Mannequin.uexp" 568
"C:/Users/Abran/9_Semestre/VR_Proyecto/BeatBoost_VR/Content/Characters/MannequinsXR/Materials/Instances/Manny/MI_Manny_01.uasset" 569
"C:/Users/Abran/9_Semestre/VR_Proyecto/BeatBoost_VR/Content/Characters/MannequinsXR/Materials/Instances/Manny/MI_Manny_01.uexp" 570
"C:/Users/Abran/9_Semestre/VR_Proyecto/BeatBoost_VR/Content/Characters/MannequinsXR/Textures/Manny/T_Manny_02_D.ubulk" 571
"C:/Users/Abran/9_Semestre/VR_Proyecto/BeatBoost_VR/Content/Characters/MannequinsXR/Textures/Manny/T_Manny_02_D.uasset" 572
"C:/Users/Abran/9_Semestre/VR_Proyecto/BeatBoost_VR/Content/Characters/MannequinsXR/Textures/Manny/T_Manny_02_D.uexp" 573
"C:/Users/Abran/9_Semestre/VR_Proyecto/BeatBoost_VR/Content/Characters/MannequinsXR/Textures/Manny/T_Manny_02_ASAOPMASK_MSK.ubulk" 574
"C:/Users/Abran/9_Semestre/VR_Proyecto/BeatBoost_VR/Content/Characters/MannequinsXR/Textures/Manny/T_Manny_02_ASAOPMASK_MSK.uasset" 575
"C:/Users/Abran/9_Semestre/VR_Proyecto/BeatBoost_VR/Content/Characters/MannequinsXR/Textures/Manny/T_Manny_02_ASAOPMASK_MSK.uexp" 576
"C:/Users/Abran/9_Semestre/VR_Proyecto/BeatBoost_VR/Content/Characters/MannequinsXR/Textures/Manny/T_Manny_02_CCRCCPlastic_MSK.ubulk" 577
"C:/Users/Abran/9_Semestre/VR_Proyecto/BeatBoost_VR/Content/Characters/MannequinsXR/Textures/Manny/T_Manny_02_CCRCCPlastic_MSK.uasset" 578
"C:/Users/Abran/9_Semestre/VR_Proyecto/BeatBoost_VR/Content/Characters/MannequinsXR/Textures/Manny/T_Manny_02_CCRCCPlastic_MSK.uexp" 579
"C:/Users/Abran/9_Semestre/VR_Proyecto/BeatBoost_VR/Content/Characters/MannequinsXR/Textures/Manny/T_Manny_02_BN.ubulk" 580
"C:/Users/Abran/9_Semestre/VR_Proyecto/BeatBoost_VR/Content/Characters/MannequinsXR/Textures/Manny/T_Manny_02_BN.uasset" 581
"C:/Users/Abran/9_Semestre/VR_Proyecto/BeatBoost_VR/Content/Characters/MannequinsXR/Textures/Manny/T_Manny_02_BN.uexp" 582
"C:/Users/Abran/9_Semestre/VR_Proyecto/BeatBoost_VR/Content/Characters/MannequinsXR/Materials/Instances/Manny/MI_Manny_02.uasset" 583
"C:/Users/Abran/9_Semestre/VR_Proyecto/BeatBoost_VR/Content/Characters/MannequinsXR/Materials/Instances/Manny/MI_Manny_02.uexp" 584
"C:/Users/Abran/9_Semestre/VR_Proyecto/BeatBoost_VR/Content/Characters/MannequinsXR/Meshes/SK_MannequinsXR.uasset" 585
"C:/Users/Abran/9_Semestre/VR_Proyecto/BeatBoost_VR/Content/Characters/MannequinsXR/Meshes/SK_MannequinsXR.uexp" 586
"C:/Users/Abran/9_Semestre/VR_Proyecto/BeatBoost_VR/Content/Characters/MannequinsXR/Meshes/SkeletalMeshLODSettings_MannequinsXR.uasset" 587
"C:/Users/Abran/9_Semestre/VR_Proyecto/BeatBoost_VR/Content/Characters/MannequinsXR/Meshes/SkeletalMeshLODSettings_MannequinsXR.uexp" 588
"C:/Users/Abran/9_Semestre/VR_Proyecto/BeatBoost_VR/Content/Characters/MannequinsXR/Meshes/SKM_MannyXR_left.uasset" 589
"C:/Users/Abran/9_Semestre/VR_Proyecto/BeatBoost_VR/Content/Characters/MannequinsXR/Meshes/SKM_MannyXR_left.uexp" 590
"../../../Engine/Content/Animation/DefaultAnimCurveCompressionSettings.uasset" 591
"../../../Engine/Content/Animation/DefaultAnimCurveCompressionSettings.uexp" 592
"../../../Engine/Content/Animation/DefaultRecorderBoneCompression.uasset" 593
"../../../Engine/Content/Animation/DefaultRecorderBoneCompression.uexp" 594
"C:/Users/Abran/9_Semestre/VR_Proyecto/BeatBoost_VR/Content/Characters/MannequinsXR/Animations/A_MannequinsXR_Idle_Right.uasset" 595
"C:/Users/Abran/9_Semestre/VR_Proyecto/BeatBoost_VR/Content/Characters/MannequinsXR/Animations/A_MannequinsXR_Idle_Right.uexp" 596
"C:/Users/Abran/9_Semestre/VR_Proyecto/BeatBoost_VR/Content/Characters/MannequinsXR/Animations/A_MannequinsXR_ThumbUp_Right.uasset" 597
"C:/Users/Abran/9_Semestre/VR_Proyecto/BeatBoost_VR/Content/Characters/MannequinsXR/Animations/A_MannequinsXR_ThumbUp_Right.uexp" 598
"C:/Users/Abran/9_Semestre/VR_Proyecto/BeatBoost_VR/Content/Characters/MannequinsXR/Animations/A_MannequinsXR_Point_Right.uasset" 599
"C:/Users/Abran/9_Semestre/VR_Proyecto/BeatBoost_VR/Content/Characters/MannequinsXR/Animations/A_MannequinsXR_Point_Right.uexp" 600
"C:/Users/Abran/9_Semestre/VR_Proyecto/BeatBoost_VR/Content/Characters/MannequinsXR/Animations/MDT_MannequinsXR.uasset" 601
"C:/Users/Abran/9_Semestre/VR_Proyecto/BeatBoost_VR/Content/Characters/MannequinsXR/Animations/MDT_MannequinsXR.uexp" 602
"C:/Users/Abran/9_Semestre/VR_Proyecto/BeatBoost_VR/Content/Characters/MannequinsXR/Animations/A_MannequinsXR_Grasp_Right.uasset" 603
"C:/Users/Abran/9_Semestre/VR_Proyecto/BeatBoost_VR/Content/Characters/MannequinsXR/Animations/A_MannequinsXR_Grasp_Right.uexp" 604
"C:/Users/Abran/9_Semestre/VR_Proyecto/BeatBoost_VR/Content/Characters/MannequinsXR/Animations/A_MannequinsXR_IndexCurl_Right.uasset" 605
"C:/Users/Abran/9_Semestre/VR_Proyecto/BeatBoost_VR/Content/Characters/MannequinsXR/Animations/A_MannequinsXR_IndexCurl_Right.uexp" 606
"C:/Users/Abran/9_Semestre/VR_Proyecto/BeatBoost_VR/Content/Characters/MannequinsXR/Meshes/ABP_MannequinsXR.uasset" 607
"C:/Users/Abran/9_Semestre/VR_Proyecto/BeatBoost_VR/Content/Characters/MannequinsXR/Meshes/ABP_MannequinsXR.uexp" 608
"C:/Users/Abran/9_Semestre/VR_Proyecto/BeatBoost_VR/Content/Characters/MannequinsXR/B_MannequinsXR.uasset" 609
"C:/Users/Abran/9_Semestre/VR_Proyecto/BeatBoost_VR/Content/Characters/MannequinsXR/B_MannequinsXR.uexp" 610
"C:/Users/Abran/9_Semestre/VR_Proyecto/BeatBoost_VR/Content/VRTemplate/Materials/DefaultRibbonMaterial_NoGradient.uasset" 611
"C:/Users/Abran/9_Semestre/VR_Proyecto/BeatBoost_VR/Content/VRTemplate/Materials/DefaultRibbonMaterial_NoGradient.uexp" 612
"C:/Users/Abran/9_Semestre/VR_Proyecto/BeatBoost_VR/Content/VRTemplate/VFX/NS_TeleportTrace.uasset" 613
"C:/Users/Abran/9_Semestre/VR_Proyecto/BeatBoost_VR/Content/VRTemplate/VFX/NS_TeleportTrace.uexp" 614
"C:/Users/Abran/9_Semestre/VR_Proyecto/BeatBoost_VR/Content/Escenario/Multimedia/Sonidos/Golden.ubulk" 615
"C:/Users/Abran/9_Semestre/VR_Proyecto/BeatBoost_VR/Content/Escenario/Multimedia/Sonidos/Golden.uasset" 616
"C:/Users/Abran/9_Semestre/VR_Proyecto/BeatBoost_VR/Content/Escenario/Multimedia/Sonidos/Golden.uexp" 617
"C:/Users/Abran/9_Semestre/VR_Proyecto/BeatBoost_VR/Content/Characters/MannequinsXR/Meshes/SKM_MannyXR_right.uasset" 618
"C:/Users/Abran/9_Semestre/VR_Proyecto/BeatBoost_VR/Content/Characters/MannequinsXR/Meshes/SKM_MannyXR_right.uexp" 619
"../../../Engine/Content/VREditor/Devices/Generic/GenericHMDMaterial.uasset" 620
"../../../Engine/Content/VREditor/Devices/Generic/GenericHMDMaterial.uexp" 621
"../../../Engine/Content/VREditor/Devices/Generic/GenericHMD.ubulk" 622
"../../../Engine/Content/VREditor/Devices/Generic/GenericHMD.uasset" 623
"../../../Engine/Content/VREditor/Devices/Generic/GenericHMD.uexp" 624
"../../../Engine/Content/BasicShapes/Sphere.ubulk" 625
"../../../Engine/Content/BasicShapes/Sphere.uasset" 626
"../../../Engine/Content/BasicShapes/Sphere.uexp" 627
"C:/Users/Abran/9_Semestre/VR_Proyecto/BeatBoost_VR/Content/VRTemplate/VFX/NS_MenuLaser.uasset" 628
"C:/Users/Abran/9_Semestre/VR_Proyecto/BeatBoost_VR/Content/VRTemplate/VFX/NS_MenuLaser.uexp" 629
"C:/Users/Abran/9_Semestre/VR_Proyecto/BeatBoost_VR/Content/VRTemplate/Input/Actions/IA_Menu_Cursor_Left.uasset" 630
"C:/Users/Abran/9_Semestre/VR_Proyecto/BeatBoost_VR/Content/VRTemplate/Input/Actions/IA_Menu_Cursor_Left.uexp" 631
"C:/Users/Abran/9_Semestre/VR_Proyecto/BeatBoost_VR/Content/VRTemplate/Input/Actions/IA_Menu_Cursor_Right.uasset" 632
"C:/Users/Abran/9_Semestre/VR_Proyecto/BeatBoost_VR/Content/VRTemplate/Input/Actions/IA_Menu_Cursor_Right.uexp" 633
"C:/Users/Abran/9_Semestre/VR_Proyecto/BeatBoost_VR/Content/VRTemplate/Input/Actions/IA_Menu_Interact_Right.uasset" 634
"C:/Users/Abran/9_Semestre/VR_Proyecto/BeatBoost_VR/Content/VRTemplate/Input/Actions/IA_Menu_Interact_Right.uexp" 635
"C:/Users/Abran/9_Semestre/VR_Proyecto/BeatBoost_VR/Content/VRTemplate/Blueprints/WidgetMenu.uasset" 636
"C:/Users/Abran/9_Semestre/VR_Proyecto/BeatBoost_VR/Content/VRTemplate/Blueprints/WidgetMenu.uexp" 637
"C:/Users/Abran/9_Semestre/VR_Proyecto/BeatBoost_VR/Content/VRTemplate/Input/Actions/IA_Menu_Interact_Left.uasset" 638
"C:/Users/Abran/9_Semestre/VR_Proyecto/BeatBoost_VR/Content/VRTemplate/Input/Actions/IA_Menu_Interact_Left.uexp" 639
"C:/Users/Abran/9_Semestre/VR_Proyecto/BeatBoost_VR/Content/VRTemplate/Input/IMC_Menu.uasset" 640
"C:/Users/Abran/9_Semestre/VR_Proyecto/BeatBoost_VR/Content/VRTemplate/Input/IMC_Menu.uexp" 641
"C:/Users/Abran/9_Semestre/VR_Proyecto/BeatBoost_VR/Content/VRTemplate/Materials/M_VRCursor.uasset" 642
"C:/Users/Abran/9_Semestre/VR_Proyecto/BeatBoost_VR/Content/VRTemplate/Materials/M_VRCursor.uexp" 643
"C:/Users/Abran/9_Semestre/VR_Proyecto/BeatBoost_VR/Content/VRTemplate/Blueprints/Menu.uasset" 644
"C:/Users/Abran/9_Semestre/VR_Proyecto/BeatBoost_VR/Content/VRTemplate/Blueprints/Menu.uexp" 645
"C:/Users/Abran/9_Semestre/VR_Proyecto/BeatBoost_VR/Content/Escenario/Widgets/UW_PantallaFrontal.uasset" 646
"C:/Users/Abran/9_Semestre/VR_Proyecto/BeatBoost_VR/Content/Escenario/Widgets/UW_PantallaFrontal.uexp" 647
"C:/Users/Abran/9_Semestre/VR_Proyecto/BeatBoost_VR/Content/Escenario/Widgets/BP_PantallaFrontal.uasset" 648
"C:/Users/Abran/9_Semestre/VR_Proyecto/BeatBoost_VR/Content/Escenario/Widgets/BP_PantallaFrontal.uexp" 649
"C:/Users/Abran/9_Semestre/VR_Proyecto/BeatBoost_VR/Content/VRTemplate/Blueprints/VRPawn.uasset" 650
"C:/Users/Abran/9_Semestre/VR_Proyecto/BeatBoost_VR/Content/VRTemplate/Blueprints/VRPawn.uexp" 651
"C:/Users/Abran/9_Semestre/VR_Proyecto/BeatBoost_VR/Content/Escenario/Widgets/UW_BarraRival.uasset" 652
"C:/Users/Abran/9_Semestre/VR_Proyecto/BeatBoost_VR/Content/Escenario/Widgets/UW_BarraRival.uexp" 653
"C:/Users/Abran/9_Semestre/VR_Proyecto/BeatBoost_VR/Content/Escenario/Widgets/BP_AficiometroRival.uasset" 654
"C:/Users/Abran/9_Semestre/VR_Proyecto/BeatBoost_VR/Content/Escenario/Widgets/BP_AficiometroRival.uexp" 655
"C:/Users/Abran/9_Semestre/VR_Proyecto/BeatBoost_VR/Content/Escenario/Widgets/UW_Barra.uasset" 656
"C:/Users/Abran/9_Semestre/VR_Proyecto/BeatBoost_VR/Content/Escenario/Widgets/UW_Barra.uexp" 657
"C:/Users/Abran/9_Semestre/VR_Proyecto/BeatBoost_VR/Content/Escenario/Widgets/BP_Aficiometro.uasset" 658
"C:/Users/Abran/9_Semestre/VR_Proyecto/BeatBoost_VR/Content/Escenario/Widgets/BP_Aficiometro.uexp" 659
"../../../Engine/Plugins/Runtime/MeshModelingToolset/Content/Materials/M_DynamicMeshComponentVtxColor.uasset" 660
"../../../Engine/Plugins/Runtime/MeshModelingToolset/Content/Materials/M_DynamicMeshComponentVtxColor.uexp" 661
"../../../Engine/Plugins/Interchange/Runtime/Content/Pipelines/DefaultTexturePipeline.uasset" 662
"../../../Engine/Plugins/Interchange/Runtime/Content/Pipelines/DefaultTexturePipeline.uexp" 663
"../../../Engine/Plugins/Interchange/Runtime/Content/Pipelines/DefaultSceneLevelPipeline.uasset" 664
"../../../Engine/Plugins/Interchange/Runtime/Content/Pipelines/DefaultSceneLevelPipeline.uexp" 665
"../../../Engine/Plugins/Interchange/Runtime/Content/Pipelines/DefaultSceneAssetsPipeline.uasset" 666
"../../../Engine/Plugins/Interchange/Runtime/Content/Pipelines/DefaultSceneAssetsPipeline.uexp" 667
"../../../Engine/Plugins/Interchange/Runtime/Content/Pipelines/DefaultMaterialXPipeline.uasset" 668
"../../../Engine/Plugins/Interchange/Runtime/Content/Pipelines/DefaultMaterialXPipeline.uexp" 669
"../../../Engine/Plugins/Interchange/Runtime/Content/Pipelines/DefaultMaterialPipeline.uasset" 670
"../../../Engine/Plugins/Interchange/Runtime/Content/Pipelines/DefaultMaterialPipeline.uexp" 671
"../../../Engine/Plugins/Interchange/Runtime/Content/Pipelines/DefaultGLTFSceneAssetsPipeline.uasset" 672
"../../../Engine/Plugins/Interchange/Runtime/Content/Pipelines/DefaultGLTFSceneAssetsPipeline.uexp" 673
"../../../Engine/Plugins/Interchange/Runtime/Content/Pipelines/DefaultGLTFPipeline.uasset" 674
"../../../Engine/Plugins/Interchange/Runtime/Content/Pipelines/DefaultGLTFPipeline.uexp" 675
"../../../Engine/Plugins/Interchange/Runtime/Content/Pipelines/DefaultGLTFAssetsPipeline.uasset" 676
"../../../Engine/Plugins/Interchange/Runtime/Content/Pipelines/DefaultGLTFAssetsPipeline.uexp" 677
"../../../Engine/Plugins/Interchange/Runtime/Content/Pipelines/DefaultAssetsPipeline.uasset" 678
"../../../Engine/Plugins/Interchange/Runtime/Content/Pipelines/DefaultAssetsPipeline.uexp" 679
"../../../Engine/Plugins/Interchange/Runtime/Content/Functions/MX_UsdPreviewSurface.uasset" 680
"../../../Engine/Plugins/Interchange/Runtime/Content/Functions/MX_UsdPreviewSurface.uexp" 681
"../../../Engine/Plugins/Interchange/Runtime/Content/Functions/MX_UniformEDF.uasset" 682
"../../../Engine/Plugins/Interchange/Runtime/Content/Functions/MX_UniformEDF.uexp" 683
"../../../Engine/Plugins/Interchange/Runtime/Content/Functions/MX_TranslucentBSDF.uasset" 684
"../../../Engine/Plugins/Interchange/Runtime/Content/Functions/MX_TranslucentBSDF.uexp" 685
"../../../Engine/Plugins/Interchange/Runtime/Content/Functions/MX_ThinFilmBSDF.uasset" 686
"../../../Engine/Plugins/Interchange/Runtime/Content/Functions/MX_ThinFilmBSDF.uexp" 687
"../../../Engine/Plugins/Interchange/Runtime/Content/Functions/MX_SurfaceUnlit.uasset" 688
"../../../Engine/Plugins/Interchange/Runtime/Content/Functions/MX_SurfaceUnlit.uexp" 689
"../../../Engine/Plugins/Interchange/Runtime/Content/Functions/MX_Surface.uasset" 690
"../../../Engine/Plugins/Interchange/Runtime/Content/Functions/MX_Surface.uexp" 691
"../../../Engine/Plugins/Interchange/Runtime/Content/Functions/MX_SubsurfaceBSDF.uasset" 692
"../../../Engine/Plugins/Interchange/Runtime/Content/Functions/MX_SubsurfaceBSDF.uexp" 693
"../../../Engine/Plugins/Interchange/Runtime/Content/Functions/MX_SheenBSDF.uasset" 694
"../../../Engine/Plugins/Interchange/Runtime/Content/Functions/MX_SheenBSDF.uexp" 695
"../../../Engine/Plugins/Interchange/Runtime/Content/Functions/MX_OrenNayarBSDF.uasset" 696
"../../../Engine/Plugins/Interchange/Runtime/Content/Functions/MX_OrenNayarBSDF.uexp" 697
"../../../Engine/Content/Functions/Engine_MaterialFunctions01/Volumetrics/BeersLaw.uasset" 698
"../../../Engine/Content/Functions/Engine_MaterialFunctions01/Volumetrics/BeersLaw.uexp" 699
"../../../Engine/Content/Functions/Engine_MaterialFunctions02/Texturing/ScreenAlignedPixelToPixelUVs.uasset" 700
"../../../Engine/Content/Functions/Engine_MaterialFunctions02/Texturing/ScreenAlignedPixelToPixelUVs.uexp" 701
"../../../Engine/Plugins/Interchange/Runtime/Content/gltf/MaterialFunctions/MF_Temporal_Blur.uasset" 702
"../../../Engine/Plugins/Interchange/Runtime/Content/gltf/MaterialFunctions/MF_Temporal_Blur.uexp" 703
"../../../Engine/Plugins/Interchange/Runtime/Content/gltf/MaterialFunctions/MF_Fresnel_DS.uasset" 704
"../../../Engine/Plugins/Interchange/Runtime/Content/gltf/MaterialFunctions/MF_Fresnel_DS.uexp" 705
"../../../Engine/Content/Functions/Engine_MaterialFunctions02/Utility/BreakOutFloat3Components.uasset" 706
"../../../Engine/Content/Functions/Engine_MaterialFunctions02/Utility/BreakOutFloat3Components.uexp" 707
"../../../Engine/Plugins/Interchange/Runtime/Content/Functions/MX_Transmission.uasset" 708
"../../../Engine/Plugins/Interchange/Runtime/Content/Functions/MX_Transmission.uexp" 709
"../../../Engine/Plugins/Interchange/Runtime/Content/Functions/MF_OrenNayerView.uasset" 710
"../../../Engine/Plugins/Interchange/Runtime/Content/Functions/MF_OrenNayerView.uexp" 711
"../../../Engine/Plugins/Interchange/Runtime/Content/Functions/MF_SchlickApprox.uasset" 712
"../../../Engine/Plugins/Interchange/Runtime/Content/Functions/MF_SchlickApprox.uexp" 713
"../../../Engine/Plugins/Interchange/Runtime/Content/Utilities/New_LUT.uasset" 714
"../../../Engine/Plugins/Interchange/Runtime/Content/Utilities/New_LUT.uexp" 715
"../../../Engine/Content/Functions/Engine_MaterialFunctions03/Math/RemapValueRange.uasset" 716
"../../../Engine/Content/Functions/Engine_MaterialFunctions03/Math/RemapValueRange.uexp" 717
"../../../Engine/Plugins/Interchange/Runtime/Content/Functions/MF_Iridescence.uasset" 718
"../../../Engine/Plugins/Interchange/Runtime/Content/Functions/MF_Iridescence.uexp" 719
"../../../Engine/Plugins/Interchange/Runtime/Content/Functions/MX_StandardSurface.uasset" 720
"../../../Engine/Plugins/Interchange/Runtime/Content/Functions/MX_StandardSurface.uexp" 721
"../../../Engine/Plugins/Interchange/Runtime/Content/Functions/MX_TransmissionSurface.uasset" 722
"../../../Engine/Plugins/Interchange/Runtime/Content/Functions/MX_TransmissionSurface.uexp" 723
"../../../Engine/Plugins/Interchange/Runtime/Content/Functions/MX_OpenPBR_Translucent.uasset" 724
"../../../Engine/Plugins/Interchange/Runtime/Content/Functions/MX_OpenPBR_Translucent.uexp" 725
"../../../Engine/Plugins/Interchange/Runtime/Content/Functions/MX_OpenPBR_Opaque.uasset" 726
"../../../Engine/Plugins/Interchange/Runtime/Content/Functions/MX_OpenPBR_Opaque.uexp" 727
"../../../Engine/Plugins/Interchange/Runtime/Content/Functions/MX_MeasuredEDF.uasset" 728
"../../../Engine/Plugins/Interchange/Runtime/Content/Functions/MX_MeasuredEDF.uexp" 729
"../../../Engine/Plugins/Interchange/Runtime/Content/Functions/MX_GeneralizedSchlickBSDF.uasset" 730
"../../../Engine/Plugins/Interchange/Runtime/Content/Functions/MX_GeneralizedSchlickBSDF.uexp" 731
"../../../Engine/Plugins/Interchange/Runtime/Content/Functions/MX_DielectricBSDF.uasset" 732
"../../../Engine/Plugins/Interchange/Runtime/Content/Functions/MX_DielectricBSDF.uexp" 733
"../../../Engine/Plugins/Interchange/Runtime/Content/Functions/MX_ConicalEDF.uasset" 734
"../../../Engine/Plugins/Interchange/Runtime/Content/Functions/MX_ConicalEDF.uexp" 735
"../../../Engine/Plugins/Interchange/Runtime/Content/Functions/MX_ConductorBSDF.uasset" 736
"../../../Engine/Plugins/Interchange/Runtime/Content/Functions/MX_ConductorBSDF.uexp" 737
"../../../Engine/Plugins/Interchange/Runtime/Content/Functions/MX_BurleyDiffuseBSDF.uasset" 738
"../../../Engine/Plugins/Interchange/Runtime/Content/Functions/MX_BurleyDiffuseBSDF.uexp" 739
"../../../Engine/Plugins/Interchange/Runtime/Content/Functions/MX_AnisotropicVDF.uasset" 740
"../../../Engine/Plugins/Interchange/Runtime/Content/Functions/MX_AnisotropicVDF.uexp" 741
"../../../Engine/Plugins/Interchange/Runtime/Content/Functions/MX_AbsorptionVDF.uasset" 742
"../../../Engine/Plugins/Interchange/Runtime/Content/Functions/MX_AbsorptionVDF.uexp" 743
"../../../Engine/Plugins/Editor/SpeedTreeImporter/Content/SpeedTree9/game_wind_noise.ubulk" 744
"../../../Engine/Plugins/Editor/SpeedTreeImporter/Content/SpeedTree9/game_wind_noise.uasset" 745
"../../../Engine/Plugins/Editor/SpeedTreeImporter/Content/SpeedTree9/game_wind_noise.uexp" 746
"../../../Engine/Plugins/Editor/SpeedTreeImporter/Content/SpeedTree9/UnpackDirection.uasset" 747
"../../../Engine/Plugins/Editor/SpeedTreeImporter/Content/SpeedTree9/UnpackDirection.uexp" 748
"../../../Engine/Content/Functions/Engine_MaterialFunctions02/ObjectLocalBounds.uasset" 749
"../../../Engine/Content/Functions/Engine_MaterialFunctions02/ObjectLocalBounds.uexp" 750
"../../../Engine/Content/Functions/Engine_MaterialFunctions02/UVs/BoundingBoxBased_0-1_UVW.uasset" 751
"../../../Engine/Content/Functions/Engine_MaterialFunctions02/UVs/BoundingBoxBased_0-1_UVW.uexp" 752
"../../../Engine/Content/Functions/Engine_MaterialFunctions02/Utility/VectorLength.uasset" 753
"../../../Engine/Content/Functions/Engine_MaterialFunctions02/Utility/VectorLength.uexp" 754
"../../../Engine/Plugins/Editor/SpeedTreeImporter/Content/SpeedTree9/UnpackInteger3.uasset" 755
"../../../Engine/Plugins/Editor/SpeedTreeImporter/Content/SpeedTree9/UnpackInteger3.uexp" 756
"../../../Engine/Plugins/Editor/SpeedTreeImporter/Content/SpeedTree9/SpeedTreeCameraFacing.uasset" 757
"../../../Engine/Plugins/Editor/SpeedTreeImporter/Content/SpeedTree9/SpeedTreeCameraFacing.uexp" 758
"../../../Engine/Content/Functions/Engine_MaterialFunctions02/WorldPositionOffset/ObjectScale.uasset" 759
"../../../Engine/Content/Functions/Engine_MaterialFunctions02/WorldPositionOffset/ObjectScale.uexp" 760
"../../../Engine/Content/Functions/Engine_MaterialFunctions02/SafeNormalize.uasset" 761
"../../../Engine/Content/Functions/Engine_MaterialFunctions02/SafeNormalize.uexp" 762
"../../../Engine/Plugins/Editor/SpeedTreeImporter/Content/SpeedTree9/SpeedTreeWindMotion.uasset" 763
"../../../Engine/Plugins/Editor/SpeedTreeImporter/Content/SpeedTree9/SpeedTreeWindMotion.uexp" 764
"../../../Engine/Plugins/Editor/SpeedTreeImporter/Content/SpeedTree9/SpeedTreeBranchMotion.uasset" 765
"../../../Engine/Plugins/Editor/SpeedTreeImporter/Content/SpeedTree9/SpeedTreeBranchMotion.uexp" 766
"../../../Engine/Plugins/Editor/SpeedTreeImporter/Content/SpeedTree9/SpeedTreeWind.uasset" 767
"../../../Engine/Plugins/Editor/SpeedTreeImporter/Content/SpeedTree9/SpeedTreeWind.uexp" 768
"../../../Engine/Plugins/Editor/SpeedTreeImporter/Content/SpeedTree9/EmptyNormal.uasset" 769
"../../../Engine/Plugins/Editor/SpeedTreeImporter/Content/SpeedTree9/EmptyNormal.uexp" 770
"../../../Engine/Plugins/Editor/SpeedTreeImporter/Content/SpeedTree9/Empty.uasset" 771
"../../../Engine/Plugins/Editor/SpeedTreeImporter/Content/SpeedTree9/Empty.uexp" 772
"../../../Engine/Plugins/Editor/SpeedTreeImporter/Content/SpeedTree9/SpeedTreeMaster.uasset" 773
"../../../Engine/Plugins/Editor/SpeedTreeImporter/Content/SpeedTree9/SpeedTreeMaster.uexp" 774
"../../../Engine/Plugins/Editor/SpeedTreeImporter/Content/SpeedTree9/SpeedTreeBillboard.uasset" 775
"../../../Engine/Plugins/Editor/SpeedTreeImporter/Content/SpeedTree9/SpeedTreeBillboard.uexp" 776
"../../../Engine/Plugins/Editor/SpeedTreeImporter/Content/SpeedTree9/SpeedTreeBillboardMaster.uasset" 777
"../../../Engine/Plugins/Editor/SpeedTreeImporter/Content/SpeedTree9/SpeedTreeBillboardMaster.uexp" 778
"../../../Engine/Plugins/Animation/ControlRig/Content/Controls/DefaultGizmoLibraryNormalized.uasset" 779
"../../../Engine/Plugins/Animation/ControlRig/Content/Controls/DefaultGizmoLibraryNormalized.uexp" 780
"../../../Engine/Plugins/Animation/ControlRig/Content/Controls/ControlRig_Wedge_solid.ubulk" 781
"../../../Engine/Plugins/Animation/ControlRig/Content/Controls/ControlRig_Wedge_solid.uasset" 782
"../../../Engine/Plugins/Animation/ControlRig/Content/Controls/ControlRig_Wedge_solid.uexp" 783
"../../../Engine/Plugins/Animation/ControlRig/Content/Controls/ControlRig_Wedge_3mm.ubulk" 784
"../../../Engine/Plugins/Animation/ControlRig/Content/Controls/ControlRig_Wedge_3mm.uasset" 785
"../../../Engine/Plugins/Animation/ControlRig/Content/Controls/ControlRig_Wedge_3mm.uexp" 786
"../../../Engine/Plugins/Animation/ControlRig/Content/Controls/ControlRig_Wedge_1mm.ubulk" 787
"../../../Engine/Plugins/Animation/ControlRig/Content/Controls/ControlRig_Wedge_1mm.uasset" 788
"../../../Engine/Plugins/Animation/ControlRig/Content/Controls/ControlRig_Wedge_1mm.uexp" 789
"../../../Engine/Plugins/Animation/ControlRig/Content/Controls/ControlRig_Triangle_solid.ubulk" 790
"../../../Engine/Plugins/Animation/ControlRig/Content/Controls/ControlRig_Triangle_solid.uasset" 791
"../../../Engine/Plugins/Animation/ControlRig/Content/Controls/ControlRig_Triangle_solid.uexp" 792
"../../../Engine/Plugins/Animation/ControlRig/Content/Controls/ControlRig_Triangle_3mm.ubulk" 793
"../../../Engine/Plugins/Animation/ControlRig/Content/Controls/ControlRig_Triangle_3mm.uasset" 794
"../../../Engine/Plugins/Animation/ControlRig/Content/Controls/ControlRig_Triangle_3mm.uexp" 795
"../../../Engine/Plugins/Animation/ControlRig/Content/Controls/ControlRig_Triangle_1mm.ubulk" 796
"../../../Engine/Plugins/Animation/ControlRig/Content/Controls/ControlRig_Triangle_1mm.uasset" 797
"../../../Engine/Plugins/Animation/ControlRig/Content/Controls/ControlRig_Triangle_1mm.uexp" 798
"../../../Engine/Plugins/Animation/ControlRig/Content/Controls/ControlRig_Star4_solid.ubulk" 799
"../../../Engine/Plugins/Animation/ControlRig/Content/Controls/ControlRig_Star4_solid.uasset" 800
"../../../Engine/Plugins/Animation/ControlRig/Content/Controls/ControlRig_Star4_solid.uexp" 801
"../../../Engine/Plugins/Animation/ControlRig/Content/Controls/ControlRig_Star4_3mm.ubulk" 802
"../../../Engine/Plugins/Animation/ControlRig/Content/Controls/ControlRig_Star4_3mm.uasset" 803
"../../../Engine/Plugins/Animation/ControlRig/Content/Controls/ControlRig_Star4_3mm.uexp" 804
"../../../Engine/Plugins/Animation/ControlRig/Content/Controls/ControlRig_Star4_1mm.ubulk" 805
"../../../Engine/Plugins/Animation/ControlRig/Content/Controls/ControlRig_Star4_1mm.uasset" 806
"../../../Engine/Plugins/Animation/ControlRig/Content/Controls/ControlRig_Star4_1mm.uexp" 807
"../../../Engine/Plugins/Animation/ControlRig/Content/Controls/ControlRig_Square_solid.ubulk" 808
"../../../Engine/Plugins/Animation/ControlRig/Content/Controls/ControlRig_Square_solid.uasset" 809
"../../../Engine/Plugins/Animation/ControlRig/Content/Controls/ControlRig_Square_solid.uexp" 810
"../../../Engine/Plugins/Animation/ControlRig/Content/Controls/ControlRig_Square_3mm.ubulk" 811
"../../../Engine/Plugins/Animation/ControlRig/Content/Controls/ControlRig_Square_3mm.uasset" 812
"../../../Engine/Plugins/Animation/ControlRig/Content/Controls/ControlRig_Square_3mm.uexp" 813
"../../../Engine/Plugins/Animation/ControlRig/Content/Controls/ControlRig_Square_1mm.ubulk" 814
"../../../Engine/Plugins/Animation/ControlRig/Content/Controls/ControlRig_Square_1mm.uasset" 815
"../../../Engine/Plugins/Animation/ControlRig/Content/Controls/ControlRig_Square_1mm.uexp" 816
"../../../Engine/Plugins/Animation/ControlRig/Content/Controls/ControlRig_Sphere_solid.ubulk" 817
"../../../Engine/Plugins/Animation/ControlRig/Content/Controls/ControlRig_Sphere_solid.uasset" 818
"../../../Engine/Plugins/Animation/ControlRig/Content/Controls/ControlRig_Sphere_solid.uexp" 819
"../../../Engine/Plugins/Animation/ControlRig/Content/Controls/ControlRig_Sphere_3mm.ubulk" 820
"../../../Engine/Plugins/Animation/ControlRig/Content/Controls/ControlRig_Sphere_3mm.uasset" 821
"../../../Engine/Plugins/Animation/ControlRig/Content/Controls/ControlRig_Sphere_3mm.uexp" 822
"../../../Engine/Plugins/Animation/ControlRig/Content/Controls/ControlRig_Sphere_1mm.ubulk" 823
"../../../Engine/Plugins/Animation/ControlRig/Content/Controls/ControlRig_Sphere_1mm.uasset" 824
"../../../Engine/Plugins/Animation/ControlRig/Content/Controls/ControlRig_Sphere_1mm.uexp" 825
"../../../Engine/Plugins/Animation/ControlRig/Content/Controls/ControlRig_RoundedTriangle_solid.ubulk" 826
"../../../Engine/Plugins/Animation/ControlRig/Content/Controls/ControlRig_RoundedTriangle_solid.uasset" 827
"../../../Engine/Plugins/Animation/ControlRig/Content/Controls/ControlRig_RoundedTriangle_solid.uexp" 828
"../../../Engine/Plugins/Animation/ControlRig/Content/Controls/ControlRig_RoundedTriangle_3mm.ubulk" 829
"../../../Engine/Plugins/Animation/ControlRig/Content/Controls/ControlRig_RoundedTriangle_3mm.uasset" 830
"../../../Engine/Plugins/Animation/ControlRig/Content/Controls/ControlRig_RoundedTriangle_3mm.uexp" 831
"../../../Engine/Plugins/Animation/ControlRig/Content/Controls/ControlRig_RoundedTriangle_1mm.ubulk" 832
"../../../Engine/Plugins/Animation/ControlRig/Content/Controls/ControlRig_RoundedTriangle_1mm.uasset" 833
"../../../Engine/Plugins/Animation/ControlRig/Content/Controls/ControlRig_RoundedTriangle_1mm.uexp" 834
"../../../Engine/Plugins/Animation/ControlRig/Content/Controls/ControlRig_RoundedSquare_solid.ubulk" 835
"../../../Engine/Plugins/Animation/ControlRig/Content/Controls/ControlRig_RoundedSquare_solid.uasset" 836
"../../../Engine/Plugins/Animation/ControlRig/Content/Controls/ControlRig_RoundedSquare_solid.uexp" 837
"../../../Engine/Plugins/Animation/ControlRig/Content/Controls/ControlRig_RoundedSquare_3mm.ubulk" 838
"../../../Engine/Plugins/Animation/ControlRig/Content/Controls/ControlRig_RoundedSquare_3mm.uasset" 839
"../../../Engine/Plugins/Animation/ControlRig/Content/Controls/ControlRig_RoundedSquare_3mm.uexp" 840
"../../../Engine/Plugins/Animation/ControlRig/Content/Controls/ControlRig_RoundedSquare_1mm.ubulk" 841
"../../../Engine/Plugins/Animation/ControlRig/Content/Controls/ControlRig_RoundedSquare_1mm.uasset" 842
"../../../Engine/Plugins/Animation/ControlRig/Content/Controls/ControlRig_RoundedSquare_1mm.uexp" 843
"../../../Engine/Plugins/Animation/ControlRig/Content/Controls/ControlRig_QuarterCircle_solid.ubulk" 844
"../../../Engine/Plugins/Animation/ControlRig/Content/Controls/ControlRig_QuarterCircle_solid.uasset" 845
"../../../Engine/Plugins/Animation/ControlRig/Content/Controls/ControlRig_QuarterCircle_solid.uexp" 846
"../../../Engine/Plugins/Animation/ControlRig/Content/Controls/ControlRig_QuarterCircle_3mm.ubulk" 847
"../../../Engine/Plugins/Animation/ControlRig/Content/Controls/ControlRig_QuarterCircle_3mm.uasset" 848
"../../../Engine/Plugins/Animation/ControlRig/Content/Controls/ControlRig_QuarterCircle_3mm.uexp" 849
"../../../Engine/Plugins/Animation/ControlRig/Content/Controls/ControlRig_QuarterCircle_1mm.ubulk" 850
"../../../Engine/Plugins/Animation/ControlRig/Content/Controls/ControlRig_QuarterCircle_1mm.uasset" 851
"../../../Engine/Plugins/Animation/ControlRig/Content/Controls/ControlRig_QuarterCircle_1mm.uexp" 852
"../../../Engine/Plugins/Animation/ControlRig/Content/Controls/ControlRig_Pyramid_solid.ubulk" 853
"../../../Engine/Plugins/Animation/ControlRig/Content/Controls/ControlRig_Pyramid_solid.uasset" 854
"../../../Engine/Plugins/Animation/ControlRig/Content/Controls/ControlRig_Pyramid_solid.uexp" 855
"../../../Engine/Plugins/Animation/ControlRig/Content/Controls/ControlRig_Pyramid_3mm.ubulk" 856
"../../../Engine/Plugins/Animation/ControlRig/Content/Controls/ControlRig_Pyramid_3mm.uasset" 857
"../../../Engine/Plugins/Animation/ControlRig/Content/Controls/ControlRig_Pyramid_3mm.uexp" 858
"../../../Engine/Plugins/Animation/ControlRig/Content/Controls/ControlRig_Pyramid_1mm.ubulk" 859
"../../../Engine/Plugins/Animation/ControlRig/Content/Controls/ControlRig_Pyramid_1mm.uasset" 860
"../../../Engine/Plugins/Animation/ControlRig/Content/Controls/ControlRig_Pyramid_1mm.uexp" 861
"../../../Engine/Plugins/Animation/ControlRig/Content/Controls/ControlRig_Octagon_solid.ubulk" 862
"../../../Engine/Plugins/Animation/ControlRig/Content/Controls/ControlRig_Octagon_solid.uasset" 863
"../../../Engine/Plugins/Animation/ControlRig/Content/Controls/ControlRig_Octagon_solid.uexp" 864
"../../../Engine/Plugins/Animation/ControlRig/Content/Controls/ControlRig_Octagon_3mm.ubulk" 865
"../../../Engine/Plugins/Animation/ControlRig/Content/Controls/ControlRig_Octagon_3mm.uasset" 866
"../../../Engine/Plugins/Animation/ControlRig/Content/Controls/ControlRig_Octagon_3mm.uexp" 867
"../../../Engine/Plugins/Animation/ControlRig/Content/Controls/ControlRig_Octagon_1mm.ubulk" 868
"../../../Engine/Plugins/Animation/ControlRig/Content/Controls/ControlRig_Octagon_1mm.uasset" 869
"../../../Engine/Plugins/Animation/ControlRig/Content/Controls/ControlRig_Octagon_1mm.uexp" 870
"../../../Engine/Plugins/Animation/ControlRig/Content/Controls/ControlRig_Hexagon_solid.ubulk" 871
"../../../Engine/Plugins/Animation/ControlRig/Content/Controls/ControlRig_Hexagon_solid.uasset" 872
"../../../Engine/Plugins/Animation/ControlRig/Content/Controls/ControlRig_Hexagon_solid.uexp" 873
"../../../Engine/Plugins/Animation/ControlRig/Content/Controls/ControlRig_Hexagon_3mm.ubulk" 874
"../../../Engine/Plugins/Animation/ControlRig/Content/Controls/ControlRig_Hexagon_3mm.uasset" 875
"../../../Engine/Plugins/Animation/ControlRig/Content/Controls/ControlRig_Hexagon_3mm.uexp" 876
"../../../Engine/Plugins/Animation/ControlRig/Content/Controls/ControlRig_Hexagon_1mm.ubulk" 877
"../../../Engine/Plugins/Animation/ControlRig/Content/Controls/ControlRig_Hexagon_1mm.uasset" 878
"../../../Engine/Plugins/Animation/ControlRig/Content/Controls/ControlRig_Hexagon_1mm.uexp" 879
"../../../Engine/Plugins/Animation/ControlRig/Content/Controls/ControlRig_HalfCircle_solid.ubulk" 880
"../../../Engine/Plugins/Animation/ControlRig/Content/Controls/ControlRig_HalfCircle_solid.uasset" 881
"../../../Engine/Plugins/Animation/ControlRig/Content/Controls/ControlRig_HalfCircle_solid.uexp" 882
"../../../Engine/Plugins/Animation/ControlRig/Content/Controls/ControlRig_HalfCircle_3mm.ubulk" 883
"../../../Engine/Plugins/Animation/ControlRig/Content/Controls/ControlRig_HalfCircle_3mm.uasset" 884
"../../../Engine/Plugins/Animation/ControlRig/Content/Controls/ControlRig_HalfCircle_3mm.uexp" 885
"../../../Engine/Plugins/Animation/ControlRig/Content/Controls/ControlRig_HalfCircle_1mm.ubulk" 886
"../../../Engine/Plugins/Animation/ControlRig/Content/Controls/ControlRig_HalfCircle_1mm.uasset" 887
"../../../Engine/Plugins/Animation/ControlRig/Content/Controls/ControlRig_HalfCircle_1mm.uexp" 888
"../../../Engine/Plugins/Animation/ControlRig/Content/Controls/ControlRig_Diamond_solid.ubulk" 889
"../../../Engine/Plugins/Animation/ControlRig/Content/Controls/ControlRig_Diamond_solid.uasset" 890
"../../../Engine/Plugins/Animation/ControlRig/Content/Controls/ControlRig_Diamond_solid.uexp" 891
"../../../Engine/Plugins/Animation/ControlRig/Content/Controls/ControlRig_Diamond_3mm.ubulk" 892
"../../../Engine/Plugins/Animation/ControlRig/Content/Controls/ControlRig_Diamond_3mm.uasset" 893
"../../../Engine/Plugins/Animation/ControlRig/Content/Controls/ControlRig_Diamond_3mm.uexp" 894
"../../../Engine/Plugins/Animation/ControlRig/Content/Controls/ControlRig_Diamond_1mm.ubulk" 895
"../../../Engine/Plugins/Animation/ControlRig/Content/Controls/ControlRig_Diamond_1mm.uasset" 896
"../../../Engine/Plugins/Animation/ControlRig/Content/Controls/ControlRig_Diamond_1mm.uexp" 897
"../../../Engine/Plugins/Animation/ControlRig/Content/Controls/ControlRig_Circle_solid.ubulk" 898
"../../../Engine/Plugins/Animation/ControlRig/Content/Controls/ControlRig_Circle_solid.uasset" 899
"../../../Engine/Plugins/Animation/ControlRig/Content/Controls/ControlRig_Circle_solid.uexp" 900
"../../../Engine/Plugins/Animation/ControlRig/Content/Controls/ControlRig_Circle_3mm.ubulk" 901
"../../../Engine/Plugins/Animation/ControlRig/Content/Controls/ControlRig_Circle_3mm.uasset" 902
"../../../Engine/Plugins/Animation/ControlRig/Content/Controls/ControlRig_Circle_3mm.uexp" 903
"../../../Engine/Plugins/Animation/ControlRig/Content/Controls/ControlRig_Circle_1mm.ubulk" 904
"../../../Engine/Plugins/Animation/ControlRig/Content/Controls/ControlRig_Circle_1mm.uasset" 905
"../../../Engine/Plugins/Animation/ControlRig/Content/Controls/ControlRig_Circle_1mm.uexp" 906
"../../../Engine/Plugins/Animation/ControlRig/Content/Controls/ControlRig_Box_solid.ubulk" 907
"../../../Engine/Plugins/Animation/ControlRig/Content/Controls/ControlRig_Box_solid.uasset" 908
"../../../Engine/Plugins/Animation/ControlRig/Content/Controls/ControlRig_Box_solid.uexp" 909
"../../../Engine/Plugins/Animation/ControlRig/Content/Controls/ControlRig_Box_3mm.ubulk" 910
"../../../Engine/Plugins/Animation/ControlRig/Content/Controls/ControlRig_Box_3mm.uasset" 911
"../../../Engine/Plugins/Animation/ControlRig/Content/Controls/ControlRig_Box_3mm.uexp" 912
"../../../Engine/Plugins/Animation/ControlRig/Content/Controls/ControlRig_Box_1mm.ubulk" 913
"../../../Engine/Plugins/Animation/ControlRig/Content/Controls/ControlRig_Box_1mm.uasset" 914
"../../../Engine/Plugins/Animation/ControlRig/Content/Controls/ControlRig_Box_1mm.uexp" 915
"../../../Engine/Plugins/Animation/ControlRig/Content/Controls/ControlRig_Arrow_solid.ubulk" 916
"../../../Engine/Plugins/Animation/ControlRig/Content/Controls/ControlRig_Arrow_solid.uasset" 917
"../../../Engine/Plugins/Animation/ControlRig/Content/Controls/ControlRig_Arrow_solid.uexp" 918
"../../../Engine/Plugins/Animation/ControlRig/Content/Controls/ControlRig_Arrow_3mm.ubulk" 919
"../../../Engine/Plugins/Animation/ControlRig/Content/Controls/ControlRig_Arrow_3mm.uasset" 920
"../../../Engine/Plugins/Animation/ControlRig/Content/Controls/ControlRig_Arrow_3mm.uexp" 921
"../../../Engine/Plugins/Animation/ControlRig/Content/Controls/ControlRig_Arrow_1mm.ubulk" 922
"../../../Engine/Plugins/Animation/ControlRig/Content/Controls/ControlRig_Arrow_1mm.uasset" 923
"../../../Engine/Plugins/Animation/ControlRig/Content/Controls/ControlRig_Arrow_1mm.uexp" 924
"../../../Engine/Plugins/Animation/ControlRig/Content/Controls/ControlRig_Arrow4_solid.ubulk" 925
"../../../Engine/Plugins/Animation/ControlRig/Content/Controls/ControlRig_Arrow4_solid.uasset" 926
"../../../Engine/Plugins/Animation/ControlRig/Content/Controls/ControlRig_Arrow4_solid.uexp" 927
"../../../Engine/Plugins/Animation/ControlRig/Content/Controls/ControlRig_Arrow4_3mm.ubulk" 928
"../../../Engine/Plugins/Animation/ControlRig/Content/Controls/ControlRig_Arrow4_3mm.uasset" 929
"../../../Engine/Plugins/Animation/ControlRig/Content/Controls/ControlRig_Arrow4_3mm.uexp" 930
"../../../Engine/Plugins/Animation/ControlRig/Content/Controls/ControlRig_Arrow4_1mm.ubulk" 931
"../../../Engine/Plugins/Animation/ControlRig/Content/Controls/ControlRig_Arrow4_1mm.uasset" 932
"../../../Engine/Plugins/Animation/ControlRig/Content/Controls/ControlRig_Arrow4_1mm.uexp" 933
"../../../Engine/Plugins/Animation/ControlRig/Content/Controls/ControlRig_Arrow2_solid.ubulk" 934
"../../../Engine/Plugins/Animation/ControlRig/Content/Controls/ControlRig_Arrow2_solid.uasset" 935
"../../../Engine/Plugins/Animation/ControlRig/Content/Controls/ControlRig_Arrow2_solid.uexp" 936
"../../../Engine/Plugins/Animation/ControlRig/Content/Controls/ControlRig_Arrow2_3mm.ubulk" 937
"../../../Engine/Plugins/Animation/ControlRig/Content/Controls/ControlRig_Arrow2_3mm.uasset" 938
"../../../Engine/Plugins/Animation/ControlRig/Content/Controls/ControlRig_Arrow2_3mm.uexp" 939
"../../../Engine/Plugins/Animation/ControlRig/Content/Controls/ControlRig_Arrow2_1mm.ubulk" 940
"../../../Engine/Plugins/Animation/ControlRig/Content/Controls/ControlRig_Arrow2_1mm.uasset" 941
"../../../Engine/Plugins/Animation/ControlRig/Content/Controls/ControlRig_Arrow2_1mm.uexp" 942
"../../../Engine/Plugins/Animation/ControlRig/Content/Controls/ControlRigXRayMaterial.uasset" 943
"../../../Engine/Plugins/Animation/ControlRig/Content/Controls/ControlRigXRayMaterial.uexp" 944
"../../../Engine/Plugins/Animation/ControlRig/Content/Controls/ControlRigGizmoMaterial.uasset" 945
"../../../Engine/Plugins/Animation/ControlRig/Content/Controls/ControlRigGizmoMaterial.uexp" 946
"../../../Engine/Content/VREditor/TransformGizmo/StartRotationHandleIndicator.ubulk" 947
"../../../Engine/Content/VREditor/TransformGizmo/StartRotationHandleIndicator.uasset" 948
"../../../Engine/Content/VREditor/TransformGizmo/StartRotationHandleIndicator.uexp" 949
"../../../Engine/Content/VREditor/Sounds/UI/Drop_Item_From_ContentBrowser.ubulk" 950
"../../../Engine/Content/VREditor/Sounds/UI/Drop_Item_From_ContentBrowser.uasset" 951
"../../../Engine/Content/VREditor/Sounds/UI/Drop_Item_From_ContentBrowser.uexp" 952
"../../../Engine/Content/VREditor/TransformGizmo/PlaneTranslationHandle.ubulk" 953
"../../../Engine/Content/VREditor/TransformGizmo/PlaneTranslationHandle.uasset" 954
"../../../Engine/Content/VREditor/TransformGizmo/PlaneTranslationHandle.uexp" 955
"../../../Engine/Content/VREditor/Sounds/UI/Object_Snaps_To_Grid.ubulk" 956
"../../../Engine/Content/VREditor/Sounds/UI/Object_Snaps_To_Grid.uasset" 957
"../../../Engine/Content/VREditor/Sounds/UI/Object_Snaps_To_Grid.uexp" 958
"../../../Engine/Content/VREditor/Sounds/UI/Selection_Changes.ubulk" 959
"../../../Engine/Content/VREditor/Sounds/UI/Selection_Changes.uasset" 960
"../../../Engine/Content/VREditor/Sounds/UI/Selection_Changes.uexp" 961
"../../../Engine/Content/VREditor/Sounds/UI/Object_Snaps_To_Another_Actor.ubulk" 962
"../../../Engine/Content/VREditor/Sounds/UI/Object_Snaps_To_Another_Actor.uasset" 963
"../../../Engine/Content/VREditor/Sounds/UI/Object_Snaps_To_Another_Actor.uexp" 964
"../../../Engine/Content/VREditor/TransformGizmo/TranslucentTransformGizmoMaterial_Inst.uasset" 965
"../../../Engine/Content/VREditor/TransformGizmo/TranslucentTransformGizmoMaterial_Inst.uexp" 966
"../../../Engine/Content/VREditor/TransformGizmo/TransformGizmoFreeRotation.ubulk" 967
"../../../Engine/Content/VREditor/TransformGizmo/TransformGizmoFreeRotation.uasset" 968
"../../../Engine/Content/VREditor/TransformGizmo/TransformGizmoFreeRotation.uexp" 969
"../../../Engine/Content/VREditor/Sounds/UI/Scaling_Down.ubulk" 970
"../../../Engine/Content/VREditor/Sounds/UI/Scaling_Down.uasset" 971
"../../../Engine/Content/VREditor/Sounds/UI/Scaling_Down.uexp" 972
"../../../Engine/Content/Functions/Engine_MaterialFunctions02/Math/Transform3x3Matrix.uasset" 973
"../../../Engine/Content/Functions/Engine_MaterialFunctions02/Math/Transform3x3Matrix.uexp" 974
"../../../Engine/Content/Functions/Engine_MaterialFunctions02/SplitComponents.uasset" 975
"../../../Engine/Content/Functions/Engine_MaterialFunctions02/SplitComponents.uexp" 976
"../../../Engine/Content/Functions/Engine_MaterialFunctions02/Utility/MakeFloat3.uasset" 977
"../../../Engine/Content/Functions/Engine_MaterialFunctions02/Utility/MakeFloat3.uexp" 978
"../../../Engine/Content/VREditor/SnapGrid/SnapGridMaterial.uasset" 979
"../../../Engine/Content/VREditor/SnapGrid/SnapGridMaterial.uexp" 980
"../../../Engine/Content/VREditor/SnapGrid/SnapGridPlaneMesh.ubulk" 981
"../../../Engine/Content/VREditor/SnapGrid/SnapGridPlaneMesh.uasset" 982
"../../../Engine/Content/VREditor/SnapGrid/SnapGridPlaneMesh.uexp" 983
"../../../Engine/Content/VREditor/Sounds/UI/Scaling_Up.ubulk" 984
"../../../Engine/Content/VREditor/Sounds/UI/Scaling_Up.uasset" 985
"../../../Engine/Content/VREditor/Sounds/UI/Scaling_Up.uexp" 986
"../../../Engine/Content/VREditor/TransformGizmo/TransformGizmoMaterial_Inst.uasset" 987
"../../../Engine/Content/VREditor/TransformGizmo/TransformGizmoMaterial_Inst.uexp" 988
"../../../Engine/Content/VREditor/Sounds/UI/Gizmo_Handle_Clicked.ubulk" 989
"../../../Engine/Content/VREditor/Sounds/UI/Gizmo_Handle_Clicked.uasset" 990
"../../../Engine/Content/VREditor/Sounds/UI/Gizmo_Handle_Clicked.uexp" 991
"../../../Engine/Content/VREditor/TransformGizmo/RotationHandleQuarter.ubulk" 992
"../../../Engine/Content/VREditor/TransformGizmo/RotationHandleQuarter.uasset" 993
"../../../Engine/Content/VREditor/TransformGizmo/RotationHandleQuarter.uexp" 994
"../../../Engine/Content/VREditor/TransformGizmo/TranslateArrowHandle.ubulk" 995
"../../../Engine/Content/VREditor/TransformGizmo/TranslateArrowHandle.uasset" 996
"../../../Engine/Content/VREditor/TransformGizmo/TranslateArrowHandle.uexp" 997
"../../../Engine/Content/VREditor/TransformGizmo/RotationHandleIndicator.ubulk" 998
"../../../Engine/Content/VREditor/TransformGizmo/RotationHandleIndicator.uasset" 999
"../../../Engine/Content/VREditor/TransformGizmo/RotationHandleIndicator.uexp" 1000
"../../../Engine/Content/VREditor/TransformGizmo/UniformScaleHandle.ubulk" 1001
"../../../Engine/Content/VREditor/TransformGizmo/UniformScaleHandle.uasset" 1002
"../../../Engine/Content/VREditor/TransformGizmo/UniformScaleHandle.uexp" 1003
"../../../Engine/Content/VREditor/TransformGizmo/RotationHandleFull.ubulk" 1004
"../../../Engine/Content/VREditor/TransformGizmo/RotationHandleFull.uasset" 1005
"../../../Engine/Content/VREditor/TransformGizmo/RotationHandleFull.uexp" 1006
"../../../Engine/Content/VREditor/Sounds/UI/Object_PickUp.ubulk" 1007
"../../../Engine/Content/VREditor/Sounds/UI/Object_PickUp.uasset" 1008
"../../../Engine/Content/VREditor/Sounds/UI/Object_PickUp.uexp" 1009
"../../../Engine/Content/EngineSounds/Master.uasset" 1010
"../../../Engine/Content/EngineSounds/Master.uexp" 1011
"../../../Engine/Content/EngineResources/WhiteSquareTexture.uasset" 1012
"../../../Engine/Content/EngineResources/WhiteSquareTexture.uexp" 1013
"../../../Engine/Content/EngineMaterials/Widget3DPassThrough.uasset" 1014
"../../../Engine/Content/EngineMaterials/Widget3DPassThrough.uexp" 1015
"../../../Engine/Content/EngineMaterials/Widget3DPassThrough_Translucent.uasset" 1016
"../../../Engine/Content/EngineMaterials/Widget3DPassThrough_Translucent.uexp" 1017
"../../../Engine/Content/EngineMaterials/Widget3DPassThrough_Translucent_OneSided.uasset" 1018
"../../../Engine/Content/EngineMaterials/Widget3DPassThrough_Translucent_OneSided.uexp" 1019
"../../../Engine/Content/EngineMaterials/Widget3DPassThrough_Opaque.uasset" 1020
"../../../Engine/Content/EngineMaterials/Widget3DPassThrough_Opaque.uexp" 1021
"../../../Engine/Content/EngineMaterials/Widget3DPassThrough_Opaque_OneSided.uasset" 1022
"../../../Engine/Content/EngineMaterials/Widget3DPassThrough_Opaque_OneSided.uexp" 1023
"../../../Engine/Content/EngineMaterials/Widget3DPassThrough_Masked_OneSided.uasset" 1024
"../../../Engine/Content/EngineMaterials/Widget3DPassThrough_Masked_OneSided.uexp" 1025
"../../../Engine/Content/EngineMaterials/Widget3DPassThrough_Masked.uasset" 1026
"../../../Engine/Content/EngineMaterials/Widget3DPassThrough_Masked.uexp" 1027
"../../../Engine/Content/EngineMaterials/STBlueNoise_vec2_128x128x64.uasset" 1028
"../../../Engine/Content/EngineMaterials/STBlueNoise_vec2_128x128x64.uexp" 1029
"../../../Engine/Content/EngineMaterials/STBlueNoise_scalar_128x128x64.uasset" 1030
"../../../Engine/Content/EngineMaterials/STBlueNoise_scalar_128x128x64.uexp" 1031
"../../../Engine/Content/EngineMaterials/RemoveSurfaceMaterial.uasset" 1032
"../../../Engine/Content/EngineMaterials/RemoveSurfaceMaterial.uexp" 1033
"../../../Engine/Content/EngineMaterials/DefaultCalibrationGrayscale.uasset" 1034
"../../../Engine/Content/EngineMaterials/DefaultCalibrationGrayscale.uexp" 1035
"../../../Engine/Content/EngineMaterials/PPM_DefaultCalibrationGrayscale.uasset" 1036
"../../../Engine/Content/EngineMaterials/PPM_DefaultCalibrationGrayscale.uexp" 1037
"../../../Engine/Content/EngineMaterials/DefaultCalibrationColor.uasset" 1038
"../../../Engine/Content/EngineMaterials/DefaultCalibrationColor.uexp" 1039
"../../../Engine/Content/EngineMaterials/PPM_DefaultCalibrationColor.uasset" 1040
"../../../Engine/Content/EngineMaterials/PPM_DefaultCalibrationColor.uexp" 1041
"../../../Engine/Content/EngineMaterials/PhAT_JointLimitMaterial.uasset" 1042
"../../../Engine/Content/EngineMaterials/PhAT_JointLimitMaterial.uexp" 1043
"../../../Engine/Content/EngineMaterials/NaniteHiddenSectionMaterial.uasset" 1044
"../../../Engine/Content/EngineMaterials/NaniteHiddenSectionMaterial.uexp" 1045
"../../../Engine/Content/EngineMaterials/InvalidLightmapSettings.ubulk" 1046
"../../../Engine/Content/EngineMaterials/InvalidLightmapSettings.uasset" 1047
"../../../Engine/Content/EngineMaterials/InvalidLightmapSettings.uexp" 1048
"../../../Engine/Content/EngineMaterials/M_InvalidLightmapSettings.uasset" 1049
"../../../Engine/Content/EngineMaterials/M_InvalidLightmapSettings.uexp" 1050
"../../../Engine/Content/EngineMaterials/GizmoMaterial.uasset" 1051
"../../../Engine/Content/EngineMaterials/GizmoMaterial.uexp" 1052
"../../../Engine/Content/EngineMaterials/BaseFlattenEmissiveMap_VT.uasset" 1053
"../../../Engine/Content/EngineMaterials/BaseFlattenEmissiveMap_VT.uexp" 1054
"../../../Engine/Content/EngineMaterials/BaseFlattenGrayscaleMap_VT.uasset" 1055
"../../../Engine/Content/EngineMaterials/BaseFlattenGrayscaleMap_VT.uexp" 1056
"../../../Engine/Content/EngineMaterials/BaseFlattenLinearColor_VT.uasset" 1057
"../../../Engine/Content/EngineMaterials/BaseFlattenLinearColor_VT.uexp" 1058
"../../../Engine/Content/EngineMaterials/Black_1x1_EXR_Texture_VT.uasset" 1059
"../../../Engine/Content/EngineMaterials/Black_1x1_EXR_Texture_VT.uexp" 1060
"../../../Engine/Content/EngineMaterials/BaseFlattenDiffuseMap_VT.uasset" 1061
"../../../Engine/Content/EngineMaterials/BaseFlattenDiffuseMap_VT.uexp" 1062
"../../../Engine/Content/EngineMaterials/BaseFlattenNormalMap_VT.uasset" 1063
"../../../Engine/Content/EngineMaterials/BaseFlattenNormalMap_VT.uexp" 1064
"../../../Engine/Content/EngineMaterials/FlattenMaterial_WS_Normal_VT.uasset" 1065
"../../../Engine/Content/EngineMaterials/FlattenMaterial_WS_Normal_VT.uexp" 1066
"../../../Engine/Content/EngineMaterials/FlattenMaterial_VT.uasset" 1067
"../../../Engine/Content/EngineMaterials/FlattenMaterial_VT.uexp" 1068
"../../../Engine/Content/EngineMaterials/BaseFlattenGrayscaleMap.uasset" 1069
"../../../Engine/Content/EngineMaterials/BaseFlattenGrayscaleMap.uexp" 1070
"../../../Engine/Content/EngineMaterials/BaseFlattenDiffuseMap.uasset" 1071
"../../../Engine/Content/EngineMaterials/BaseFlattenDiffuseMap.uexp" 1072
"../../../Engine/Content/Functions/Engine_MaterialFunctions02/PivotPainter2/Black_1x1_EXR_Texture.uasset" 1073
"../../../Engine/Content/Functions/Engine_MaterialFunctions02/PivotPainter2/Black_1x1_EXR_Texture.uexp" 1074
"../../../Engine/Content/EngineMaterials/BaseFlattenEmissiveMap.uasset" 1075
"../../../Engine/Content/EngineMaterials/BaseFlattenEmissiveMap.uexp" 1076
"../../../Engine/Content/EngineMaterials/BaseFlattenLinearColor.uasset" 1077
"../../../Engine/Content/EngineMaterials/BaseFlattenLinearColor.uexp" 1078
"../../../Engine/Content/EngineMaterials/FlattenMaterial.uasset" 1079
"../../../Engine/Content/EngineMaterials/FlattenMaterial.uexp" 1080
"../../../Engine/Content/EngineMaterials/DefaultWhiteGrid_Low.uasset" 1081
"../../../Engine/Content/EngineMaterials/DefaultWhiteGrid_Low.uexp" 1082
"../../../Engine/Content/EngineMaterials/EmissiveMeshMaterial.uasset" 1083
"../../../Engine/Content/EngineMaterials/EmissiveMeshMaterial.uexp" 1084
"../../../Engine/Content/EngineFonts/RobotoDistanceField.uasset" 1085
"../../../Engine/Content/EngineFonts/RobotoDistanceField.uexp" 1086
"../../../Engine/Content/EngineMaterials/DefaultTextMaterialOpaque.uasset" 1087
"../../../Engine/Content/EngineMaterials/DefaultTextMaterialOpaque.uexp" 1088
"../../../Engine/Content/EngineMaterials/DefaultDiffuse.ubulk" 1089
"../../../Engine/Content/EngineMaterials/DefaultDiffuse.uasset" 1090
"../../../Engine/Content/EngineMaterials/DefaultDiffuse.uexp" 1091
"../../../Engine/Content/EngineMaterials/DefaultPostProcessMaterial.uasset" 1092
"../../../Engine/Content/EngineMaterials/DefaultPostProcessMaterial.uexp" 1093
"../../../Engine/Content/EngineMaterials/DefaultPhysicalMaterial.uasset" 1094
"../../../Engine/Content/EngineMaterials/DefaultPhysicalMaterial.uexp" 1095
"../../../Engine/Content/EngineMaterials/DefaultLightFunctionMaterial.uasset" 1096
"../../../Engine/Content/EngineMaterials/DefaultLightFunctionMaterial.uexp" 1097
"../../../Engine/Content/EngineMaterials/DefaultDestructiblePhysicalMaterial.uasset" 1098
"../../../Engine/Content/EngineMaterials/DefaultDestructiblePhysicalMaterial.uexp" 1099
"../../../Engine/Content/EngineMaterials/DefaultDeferredDecalMaterial.uasset" 1100
"../../../Engine/Content/EngineMaterials/DefaultDeferredDecalMaterial.uexp" 1101
"../../../Engine/Content/EngineMaterials/DefaultBloomKernel.uasset" 1102
"../../../Engine/Content/EngineMaterials/DefaultBloomKernel.uexp" 1103
"../../../Engine/Content/EngineFonts/Faces/RobotoLight.uexp" 1104
"../../../Engine/Content/EngineFonts/Faces/RobotoLight.uasset" 1105
"../../../Engine/Content/EngineFonts/Faces/RobotoLight.ufont" 1106
"../../../Engine/Content/EngineFonts/Faces/RobotoBold.uexp" 1107
"../../../Engine/Content/EngineFonts/Faces/RobotoBold.uasset" 1108
"../../../Engine/Content/EngineFonts/Faces/RobotoBold.ufont" 1109
"../../../Engine/Content/EngineFonts/Faces/RobotoRegular.uexp" 1110
"../../../Engine/Content/EngineFonts/Faces/RobotoRegular.uasset" 1111
"../../../Engine/Content/EngineFonts/Faces/RobotoRegular.ufont" 1112
"../../../Engine/Content/EngineFonts/Faces/DroidSansFallback.uexp" 1113
"../../../Engine/Content/EngineFonts/Faces/DroidSansFallback.uasset" 1114
"../../../Engine/Content/EngineFonts/Faces/DroidSansFallback.ufont" 1115
"../../../Engine/Content/EngineFonts/Faces/RobotoItalic.uexp" 1116
"../../../Engine/Content/EngineFonts/Faces/RobotoItalic.uasset" 1117
"../../../Engine/Content/EngineFonts/Faces/RobotoItalic.ufont" 1118
"../../../Engine/Content/EngineFonts/Faces/RobotoBoldItalic.uexp" 1119
"../../../Engine/Content/EngineFonts/Faces/RobotoBoldItalic.uasset" 1120
"../../../Engine/Content/EngineFonts/Faces/RobotoBoldItalic.ufont" 1121
"../../../Engine/Content/EngineFonts/Roboto.uasset" 1122
"../../../Engine/Content/EngineFonts/Roboto.uexp" 1123
"../../../Engine/Content/EngineDebugMaterials/VolumeToRender.uasset" 1124
"../../../Engine/Content/EngineDebugMaterials/VolumeToRender.uexp" 1125
"../../../Engine/Content/EngineDebugMaterials/M_VolumeRenderSphereTracePP.uasset" 1126
"../../../Engine/Content/EngineDebugMaterials/M_VolumeRenderSphereTracePP.uexp" 1127
"../../../Engine/Content/EngineDebugMaterials/M_SimpleUnlitTranslucent.uasset" 1128
"../../../Engine/Content/EngineDebugMaterials/M_SimpleUnlitTranslucent.uexp" 1129
"../../../Engine/Content/EngineDebugMaterials/DebugMeshMaterial.uasset" 1130
"../../../Engine/Content/EngineDebugMaterials/DebugMeshMaterial.uexp" 1131
"../../../Engine/Content/EngineDebugMaterials/DebugEditorMaterial.uasset" 1132
"../../../Engine/Content/EngineDebugMaterials/DebugEditorMaterial.uexp" 1133
"../../../Engine/Content/EngineDamageTypes/DmgTypeBP_Environmental.uasset" 1134
"../../../Engine/Content/EngineDamageTypes/DmgTypeBP_Environmental.uexp" 1135
"../../../Engine/Content/EditorResources/S_Terrain.ubulk" 1136
"../../../Engine/Content/EditorResources/S_Terrain.uasset" 1137
"../../../Engine/Content/EditorResources/S_Terrain.uexp" 1138
"../../../Engine/Content/EditorResources/EmptyActor.uasset" 1139
"../../../Engine/Content/EditorResources/EmptyActor.uexp" 1140
"../../../Engine/Content/EditorResources/BSPVertex.uasset" 1141
"../../../Engine/Content/EditorResources/BSPVertex.uexp" 1142
"../../../Engine/Content/EditorMaterials/PreviewShadowIndicator.ubulk" 1143
"../../../Engine/Content/EditorMaterials/PreviewShadowIndicator.uasset" 1144
"../../../Engine/Content/EditorMaterials/PreviewShadowIndicator.uexp" 1145
"../../../Engine/Content/EditorMaterials/PreviewShadowIndicatorMaterial.uasset" 1146
"../../../Engine/Content/EditorMaterials/PreviewShadowIndicatorMaterial.uexp" 1147
"../../../Engine/Content/EditorMaterials/PhAT_UnselectedMaterial.uasset" 1148
"../../../Engine/Content/EditorMaterials/PhAT_UnselectedMaterial.uexp" 1149
"../../../Engine/Content/EditorMaterials/PhAT_NoCollisionMaterial.uasset" 1150
"../../../Engine/Content/EditorMaterials/PhAT_NoCollisionMaterial.uexp" 1151
"../../../Engine/Content/EditorLandscapeResources/DefaultAlphaTexture.uasset" 1152
"../../../Engine/Content/EditorLandscapeResources/DefaultAlphaTexture.uexp" 1153
"../../../Engine/Content/EditorLandscapeResources/DataLayer.uasset" 1154
"../../../Engine/Content/EditorLandscapeResources/DataLayer.uexp" 1155
"../../../Engine/Content/BasicShapes/Plane.ubulk" 1156
"../../../Engine/Content/BasicShapes/Plane.uasset" 1157
"../../../Engine/Content/BasicShapes/Plane.uexp" 1158
"../../../Engine/Content/BasicShapes/Cube.ubulk" 1159
"../../../Engine/Content/BasicShapes/Cube.uasset" 1160
"../../../Engine/Content/BasicShapes/Cube.uexp" 1161
"../../../Engine/Content/BasicShapes/Cone.ubulk" 1162
"../../../Engine/Content/BasicShapes/Cone.uasset" 1163
"../../../Engine/Content/BasicShapes/Cone.uexp" 1164
"../../../Engine/Content/BasicShapes/BasicShapeMaterial.uasset" 1165
"../../../Engine/Content/BasicShapes/BasicShapeMaterial.uexp" 1166
"../../../Engine/Content/Animation/DefaultVariableFrameStrippingSettings.uasset" 1167
"../../../Engine/Content/Animation/DefaultVariableFrameStrippingSettings.uexp" 1168
"C:/Users/Abran/9_Semestre/VR_Proyecto/BeatBoost_VR/Content/VRTemplate/Materials/M_LeftEyeGreen_RightEyeRed.uasset" 1169
"C:/Users/Abran/9_Semestre/VR_Proyecto/BeatBoost_VR/Content/VRTemplate/Materials/M_LeftEyeGreen_RightEyeRed.uexp" 1170
"C:/Users/Abran/9_Semestre/VR_Proyecto/BeatBoost_VR/Content/VRTemplate/Textures/T_Grid.ubulk" 1171
"C:/Users/Abran/9_Semestre/VR_Proyecto/BeatBoost_VR/Content/VRTemplate/Textures/T_Grid.uasset" 1172
"C:/Users/Abran/9_Semestre/VR_Proyecto/BeatBoost_VR/Content/VRTemplate/Textures/T_Grid.uexp" 1173
"../../../Engine/Content/Functions/Engine_MaterialFunctions02/Utility/AppendMany.uasset" 1174
"../../../Engine/Content/Functions/Engine_MaterialFunctions02/Utility/AppendMany.uexp" 1175
"../../../Engine/Content/Functions/Engine_MaterialFunctions01/Gradient/LinearGradient.uasset" 1176
"../../../Engine/Content/Functions/Engine_MaterialFunctions01/Gradient/LinearGradient.uexp" 1177
"../../../Engine/Content/Functions/Engine_MaterialFunctions01/ImageAdjustment/CheapContrast.uasset" 1178
"../../../Engine/Content/Functions/Engine_MaterialFunctions01/ImageAdjustment/CheapContrast.uexp" 1179
"../../../Engine/Content/Functions/Engine_MaterialFunctions01/Texturing/WorldAlignedTexture.uasset" 1180
"../../../Engine/Content/Functions/Engine_MaterialFunctions01/Texturing/WorldAlignedTexture.uexp" 1181
"C:/Users/Abran/9_Semestre/VR_Proyecto/BeatBoost_VR/Content/VRTemplate/Materials/M_GridRotation.uasset" 1182
"C:/Users/Abran/9_Semestre/VR_Proyecto/BeatBoost_VR/Content/VRTemplate/Materials/M_GridRotation.uexp" 1183
"C:/Users/Abran/9_Semestre/VR_Proyecto/BeatBoost_VR/Content/VRTemplate/Materials/MI_Grid_Default.uasset" 1184
"C:/Users/Abran/9_Semestre/VR_Proyecto/BeatBoost_VR/Content/VRTemplate/Materials/MI_Grid_Default.uexp" 1185
"C:/Users/Abran/9_Semestre/VR_Proyecto/BeatBoost_VR/Content/VRTemplate/Materials/MI_Grid_Accent.uasset" 1186
"C:/Users/Abran/9_Semestre/VR_Proyecto/BeatBoost_VR/Content/VRTemplate/Materials/MI_Grid_Accent.uexp" 1187
"C:/Users/Abran/9_Semestre/VR_Proyecto/BeatBoost_VR/Content/VRTemplate/Input/Actions/IA_Shoot_Left.uasset" 1188
"C:/Users/Abran/9_Semestre/VR_Proyecto/BeatBoost_VR/Content/VRTemplate/Input/Actions/IA_Shoot_Left.uexp" 1189
"C:/Users/Abran/9_Semestre/VR_Proyecto/BeatBoost_VR/Content/VRTemplate/Input/IMC_Weapon_Left.uasset" 1190
"C:/Users/Abran/9_Semestre/VR_Proyecto/BeatBoost_VR/Content/VRTemplate/Input/IMC_Weapon_Left.uexp" 1191
"C:/Users/Abran/9_Semestre/VR_Proyecto/BeatBoost_VR/Content/VRTemplate/Input/Actions/IA_Shoot_Right.uasset" 1192
"C:/Users/Abran/9_Semestre/VR_Proyecto/BeatBoost_VR/Content/VRTemplate/Input/Actions/IA_Shoot_Right.uexp" 1193
"C:/Users/Abran/9_Semestre/VR_Proyecto/BeatBoost_VR/Content/VRTemplate/Input/IMC_Weapon_Right.uasset" 1194
"C:/Users/Abran/9_Semestre/VR_Proyecto/BeatBoost_VR/Content/VRTemplate/Input/IMC_Weapon_Right.uexp" 1195
"C:/Users/Abran/9_Semestre/VR_Proyecto/BeatBoost_VR/Content/VRTemplate/Input/PMI_VRTemplate.uasset" 1196
"C:/Users/Abran/9_Semestre/VR_Proyecto/BeatBoost_VR/Content/VRTemplate/Input/PMI_VRTemplate.uexp" 1197
"C:/Users/Abran/9_Semestre/VR_Proyecto/BeatBoost_VR/Content/FPWeapon/Mesh/SK_FPGun_Skeleton.uasset" 1198
"C:/Users/Abran/9_Semestre/VR_Proyecto/BeatBoost_VR/Content/FPWeapon/Mesh/SK_FPGun_Skeleton.uexp" 1199
"C:/Users/Abran/9_Semestre/VR_Proyecto/BeatBoost_VR/Content/FPWeapon/Materials/MaterialLayers/T_ML_Rubber_Blue_01_D.ubulk" 1200
"C:/Users/Abran/9_Semestre/VR_Proyecto/BeatBoost_VR/Content/FPWeapon/Materials/MaterialLayers/T_ML_Rubber_Blue_01_D.uasset" 1201
"C:/Users/Abran/9_Semestre/VR_Proyecto/BeatBoost_VR/Content/FPWeapon/Materials/MaterialLayers/T_ML_Rubber_Blue_01_D.uexp" 1202
"C:/Users/Abran/9_Semestre/VR_Proyecto/BeatBoost_VR/Content/FPWeapon/Textures/T_FPGun_N.ubulk" 1203
"C:/Users/Abran/9_Semestre/VR_Proyecto/BeatBoost_VR/Content/FPWeapon/Textures/T_FPGun_N.uasset" 1204
"C:/Users/Abran/9_Semestre/VR_Proyecto/BeatBoost_VR/Content/FPWeapon/Textures/T_FPGun_N.uexp" 1205
"../../../Engine/Content/Functions/Engine_MaterialFunctions02/Utility/BlendAngleCorrectedNormals.uasset" 1206
"../../../Engine/Content/Functions/Engine_MaterialFunctions02/Utility/BlendAngleCorrectedNormals.uexp" 1207
"../../../Engine/Content/Functions/MaterialLayerFunctions/MatLayerBlend_NormalBlend.uasset" 1208
"../../../Engine/Content/Functions/MaterialLayerFunctions/MatLayerBlend_NormalBlend.uexp" 1209
"C:/Users/Abran/9_Semestre/VR_Proyecto/BeatBoost_VR/Content/FPWeapon/Materials/MaterialLayers/T_ML_Rubber_Blue_01_N.ubulk" 1210
"C:/Users/Abran/9_Semestre/VR_Proyecto/BeatBoost_VR/Content/FPWeapon/Materials/MaterialLayers/T_ML_Rubber_Blue_01_N.uasset" 1211
"C:/Users/Abran/9_Semestre/VR_Proyecto/BeatBoost_VR/Content/FPWeapon/Materials/MaterialLayers/T_ML_Rubber_Blue_01_N.uexp" 1212
"C:/Users/Abran/9_Semestre/VR_Proyecto/BeatBoost_VR/Content/FPWeapon/Materials/MaterialLayers/ML_Screen.uasset" 1213
"C:/Users/Abran/9_Semestre/VR_Proyecto/BeatBoost_VR/Content/FPWeapon/Materials/MaterialLayers/ML_Screen.uexp" 1214
"C:/Users/Abran/9_Semestre/VR_Proyecto/BeatBoost_VR/Content/FPWeapon/Materials/MaterialLayers/T_ML_Aluminum01_N.ubulk" 1215
"C:/Users/Abran/9_Semestre/VR_Proyecto/BeatBoost_VR/Content/FPWeapon/Materials/MaterialLayers/T_ML_Aluminum01_N.uasset" 1216
"C:/Users/Abran/9_Semestre/VR_Proyecto/BeatBoost_VR/Content/FPWeapon/Materials/MaterialLayers/T_ML_Aluminum01_N.uexp" 1217
"C:/Users/Abran/9_Semestre/VR_Proyecto/BeatBoost_VR/Content/FPWeapon/Materials/MaterialLayers/T_ML_Aluminum01.ubulk" 1218
"C:/Users/Abran/9_Semestre/VR_Proyecto/BeatBoost_VR/Content/FPWeapon/Materials/MaterialLayers/T_ML_Aluminum01.uasset" 1219
"C:/Users/Abran/9_Semestre/VR_Proyecto/BeatBoost_VR/Content/FPWeapon/Materials/MaterialLayers/T_ML_Aluminum01.uexp" 1220
"C:/Users/Abran/9_Semestre/VR_Proyecto/BeatBoost_VR/Content/FPWeapon/Materials/MaterialLayers/ML_SoftMetal_UE4.uasset" 1221
"C:/Users/Abran/9_Semestre/VR_Proyecto/BeatBoost_VR/Content/FPWeapon/Materials/MaterialLayers/ML_SoftMetal_UE4.uexp" 1222
"../../../Engine/Content/Functions/MaterialLayerFunctions/MatLayerBlend_Simple.uasset" 1223
"../../../Engine/Content/Functions/MaterialLayerFunctions/MatLayerBlend_Simple.uexp" 1224
"C:/Users/Abran/9_Semestre/VR_Proyecto/BeatBoost_VR/Content/FPWeapon/Textures/T_FPGun_M.ubulk" 1225
"C:/Users/Abran/9_Semestre/VR_Proyecto/BeatBoost_VR/Content/FPWeapon/Textures/T_FPGun_M.uasset" 1226
"C:/Users/Abran/9_Semestre/VR_Proyecto/BeatBoost_VR/Content/FPWeapon/Textures/T_FPGun_M.uexp" 1227
"C:/Users/Abran/9_Semestre/VR_Proyecto/BeatBoost_VR/Content/FPWeapon/Materials/MaterialLayers/ML_Plastic_Shiny_Beige.uasset" 1228
"C:/Users/Abran/9_Semestre/VR_Proyecto/BeatBoost_VR/Content/FPWeapon/Materials/MaterialLayers/ML_Plastic_Shiny_Beige.uexp" 1229
"C:/Users/Abran/9_Semestre/VR_Proyecto/BeatBoost_VR/Content/FPWeapon/Materials/MaterialLayers/ML_GlossyBlack_Latex_UE4.uasset" 1230
"C:/Users/Abran/9_Semestre/VR_Proyecto/BeatBoost_VR/Content/FPWeapon/Materials/MaterialLayers/ML_GlossyBlack_Latex_UE4.uexp" 1231
"C:/Users/Abran/9_Semestre/VR_Proyecto/BeatBoost_VR/Content/FPWeapon/Materials/M_FPGun.uasset" 1232
"C:/Users/Abran/9_Semestre/VR_Proyecto/BeatBoost_VR/Content/FPWeapon/Materials/M_FPGun.uexp" 1233
"C:/Users/Abran/9_Semestre/VR_Proyecto/BeatBoost_VR/Content/FPWeapon/Mesh/SK_FPGun_Physics.uasset" 1234
"C:/Users/Abran/9_Semestre/VR_Proyecto/BeatBoost_VR/Content/FPWeapon/Mesh/SK_FPGun_Physics.uexp" 1235
"C:/Users/Abran/9_Semestre/VR_Proyecto/BeatBoost_VR/Content/FPWeapon/Mesh/SK_FPGun.uasset" 1236
"C:/Users/Abran/9_Semestre/VR_Proyecto/BeatBoost_VR/Content/FPWeapon/Mesh/SK_FPGun.uexp" 1237
"C:/Users/Abran/9_Semestre/VR_Proyecto/BeatBoost_VR/Content/VRTemplate/Haptics/PistolFireHapticEffect.uasset" 1238
"C:/Users/Abran/9_Semestre/VR_Proyecto/BeatBoost_VR/Content/VRTemplate/Haptics/PistolFireHapticEffect.uexp" 1239
"C:/Users/Abran/9_Semestre/VR_Proyecto/BeatBoost_VR/Content/VRTemplate/Materials/M_Projectile.uasset" 1240
"C:/Users/Abran/9_Semestre/VR_Proyecto/BeatBoost_VR/Content/VRTemplate/Materials/M_Projectile.uexp" 1241
"C:/Users/Abran/9_Semestre/VR_Proyecto/BeatBoost_VR/Content/VRTemplate/Materials/MI_Projectile.uasset" 1242
"C:/Users/Abran/9_Semestre/VR_Proyecto/BeatBoost_VR/Content/VRTemplate/Materials/MI_Projectile.uexp" 1243
"C:/Users/Abran/9_Semestre/VR_Proyecto/BeatBoost_VR/Content/VRTemplate/Blueprints/Projectile.uasset" 1244
"C:/Users/Abran/9_Semestre/VR_Proyecto/BeatBoost_VR/Content/VRTemplate/Blueprints/Projectile.uexp" 1245
"C:/Users/Abran/9_Semestre/VR_Proyecto/BeatBoost_VR/Content/VRTemplate/Blueprints/Pistol.uasset" 1246
"C:/Users/Abran/9_Semestre/VR_Proyecto/BeatBoost_VR/Content/VRTemplate/Blueprints/Pistol.uexp" 1247
"../../../Engine/Content/VREditor/BasicMeshes/T_CleanFloorGrunge_01_D.ubulk" 1248
"../../../Engine/Content/VREditor/BasicMeshes/T_CleanFloorGrunge_01_D.uasset" 1249
"../../../Engine/Content/VREditor/BasicMeshes/T_CleanFloorGrunge_01_D.uexp" 1250
"../../../Engine/Content/VREditor/BasicMeshes/M_Floor_01.uasset" 1251
"../../../Engine/Content/VREditor/BasicMeshes/M_Floor_01.uexp" 1252
"../../../Engine/Content/VREditor/BasicMeshes/MI_Cube_01.uasset" 1253
"../../../Engine/Content/VREditor/BasicMeshes/MI_Cube_01.uexp" 1254
"../../../Engine/Content/VREditor/BasicMeshes/SM_Cube_01.ubulk" 1255
"../../../Engine/Content/VREditor/BasicMeshes/SM_Cube_01.uasset" 1256
"../../../Engine/Content/VREditor/BasicMeshes/SM_Cube_01.uexp" 1257
"C:/Users/Abran/9_Semestre/VR_Proyecto/BeatBoost_VR/Content/VRTemplate/Blueprints/Grabbable_SmallCube.uasset" 1258
"C:/Users/Abran/9_Semestre/VR_Proyecto/BeatBoost_VR/Content/VRTemplate/Blueprints/Grabbable_SmallCube.uexp" 1259
"C:/Users/Abran/9_Semestre/VR_Proyecto/BeatBoost_VR/Content/VRTemplate/Audio/Fire01.ubulk" 1260
"C:/Users/Abran/9_Semestre/VR_Proyecto/BeatBoost_VR/Content/VRTemplate/Audio/Fire01.uasset" 1261
"C:/Users/Abran/9_Semestre/VR_Proyecto/BeatBoost_VR/Content/VRTemplate/Audio/Fire01.uexp" 1262
"C:/Users/Abran/9_Semestre/VR_Proyecto/BeatBoost_VR/Content/VRTemplate/Audio/Fire_Cue.uasset" 1263
"C:/Users/Abran/9_Semestre/VR_Proyecto/BeatBoost_VR/Content/VRTemplate/Audio/Fire_Cue.uexp" 1264
"C:/Users/Abran/9_Semestre/VR_Proyecto/BeatBoost_VR/Content/StarterContent/Shapes/Shape_WideCapsule.ubulk" 1265
"C:/Users/Abran/9_Semestre/VR_Proyecto/BeatBoost_VR/Content/StarterContent/Shapes/Shape_WideCapsule.uasset" 1266
"C:/Users/Abran/9_Semestre/VR_Proyecto/BeatBoost_VR/Content/StarterContent/Shapes/Shape_WideCapsule.uexp" 1267
"C:/Users/Abran/9_Semestre/VR_Proyecto/BeatBoost_VR/Content/StarterContent/Shapes/Shape_Wedge_B.ubulk" 1268
"C:/Users/Abran/9_Semestre/VR_Proyecto/BeatBoost_VR/Content/StarterContent/Shapes/Shape_Wedge_B.uasset" 1269
"C:/Users/Abran/9_Semestre/VR_Proyecto/BeatBoost_VR/Content/StarterContent/Shapes/Shape_Wedge_B.uexp" 1270
"C:/Users/Abran/9_Semestre/VR_Proyecto/BeatBoost_VR/Content/StarterContent/Shapes/Shape_Wedge_A.ubulk" 1271
"C:/Users/Abran/9_Semestre/VR_Proyecto/BeatBoost_VR/Content/StarterContent/Shapes/Shape_Wedge_A.uasset" 1272
"C:/Users/Abran/9_Semestre/VR_Proyecto/BeatBoost_VR/Content/StarterContent/Shapes/Shape_Wedge_A.uexp" 1273
"C:/Users/Abran/9_Semestre/VR_Proyecto/BeatBoost_VR/Content/StarterContent/Shapes/Shape_Tube.ubulk" 1274
"C:/Users/Abran/9_Semestre/VR_Proyecto/BeatBoost_VR/Content/StarterContent/Shapes/Shape_Tube.uasset" 1275
"C:/Users/Abran/9_Semestre/VR_Proyecto/BeatBoost_VR/Content/StarterContent/Shapes/Shape_Tube.uexp" 1276
"C:/Users/Abran/9_Semestre/VR_Proyecto/BeatBoost_VR/Content/StarterContent/Shapes/Shape_TriPyramid.ubulk" 1277
"C:/Users/Abran/9_Semestre/VR_Proyecto/BeatBoost_VR/Content/StarterContent/Shapes/Shape_TriPyramid.uasset" 1278
"C:/Users/Abran/9_Semestre/VR_Proyecto/BeatBoost_VR/Content/StarterContent/Shapes/Shape_TriPyramid.uexp" 1279
"C:/Users/Abran/9_Semestre/VR_Proyecto/BeatBoost_VR/Content/StarterContent/Shapes/Shape_Trim_90_Out.ubulk" 1280
"C:/Users/Abran/9_Semestre/VR_Proyecto/BeatBoost_VR/Content/StarterContent/Shapes/Shape_Trim_90_Out.uasset" 1281
"C:/Users/Abran/9_Semestre/VR_Proyecto/BeatBoost_VR/Content/StarterContent/Shapes/Shape_Trim_90_Out.uexp" 1282
"C:/Users/Abran/9_Semestre/VR_Proyecto/BeatBoost_VR/Content/StarterContent/Shapes/Shape_Trim_90_In.ubulk" 1283
"C:/Users/Abran/9_Semestre/VR_Proyecto/BeatBoost_VR/Content/StarterContent/Shapes/Shape_Trim_90_In.uasset" 1284
"C:/Users/Abran/9_Semestre/VR_Proyecto/BeatBoost_VR/Content/StarterContent/Shapes/Shape_Trim_90_In.uexp" 1285
"C:/Users/Abran/9_Semestre/VR_Proyecto/BeatBoost_VR/Content/StarterContent/Shapes/Shape_Trim.ubulk" 1286
"C:/Users/Abran/9_Semestre/VR_Proyecto/BeatBoost_VR/Content/StarterContent/Shapes/Shape_Trim.uasset" 1287
"C:/Users/Abran/9_Semestre/VR_Proyecto/BeatBoost_VR/Content/StarterContent/Shapes/Shape_Trim.uexp" 1288
"C:/Users/Abran/9_Semestre/VR_Proyecto/BeatBoost_VR/Content/StarterContent/Shapes/Shape_Torus.ubulk" 1289
"C:/Users/Abran/9_Semestre/VR_Proyecto/BeatBoost_VR/Content/StarterContent/Shapes/Shape_Torus.uasset" 1290
"C:/Users/Abran/9_Semestre/VR_Proyecto/BeatBoost_VR/Content/StarterContent/Shapes/Shape_Torus.uexp" 1291
"C:/Users/Abran/9_Semestre/VR_Proyecto/BeatBoost_VR/Content/StarterContent/Shapes/Shape_Plane.ubulk" 1292
"C:/Users/Abran/9_Semestre/VR_Proyecto/BeatBoost_VR/Content/StarterContent/Shapes/Shape_Plane.uasset" 1293
"C:/Users/Abran/9_Semestre/VR_Proyecto/BeatBoost_VR/Content/StarterContent/Shapes/Shape_Plane.uexp" 1294
"C:/Users/Abran/9_Semestre/VR_Proyecto/BeatBoost_VR/Content/StarterContent/Shapes/Shape_Pipe_90.ubulk" 1295
"C:/Users/Abran/9_Semestre/VR_Proyecto/BeatBoost_VR/Content/StarterContent/Shapes/Shape_Pipe_90.uasset" 1296
"C:/Users/Abran/9_Semestre/VR_Proyecto/BeatBoost_VR/Content/StarterContent/Shapes/Shape_Pipe_90.uexp" 1297
"C:/Users/Abran/9_Semestre/VR_Proyecto/BeatBoost_VR/Content/StarterContent/Shapes/Shape_Pipe_180.ubulk" 1298
"C:/Users/Abran/9_Semestre/VR_Proyecto/BeatBoost_VR/Content/StarterContent/Shapes/Shape_Pipe_180.uasset" 1299
"C:/Users/Abran/9_Semestre/VR_Proyecto/BeatBoost_VR/Content/StarterContent/Shapes/Shape_Pipe_180.uexp" 1300
"C:/Users/Abran/9_Semestre/VR_Proyecto/BeatBoost_VR/Content/StarterContent/Shapes/Shape_Pipe.ubulk" 1301
"C:/Users/Abran/9_Semestre/VR_Proyecto/BeatBoost_VR/Content/StarterContent/Shapes/Shape_Pipe.uasset" 1302
"C:/Users/Abran/9_Semestre/VR_Proyecto/BeatBoost_VR/Content/StarterContent/Shapes/Shape_Pipe.uexp" 1303
"C:/Users/Abran/9_Semestre/VR_Proyecto/BeatBoost_VR/Content/StarterContent/Shapes/Shape_NarrowCapsule.ubulk" 1304
"C:/Users/Abran/9_Semestre/VR_Proyecto/BeatBoost_VR/Content/StarterContent/Shapes/Shape_NarrowCapsule.uasset" 1305
"C:/Users/Abran/9_Semestre/VR_Proyecto/BeatBoost_VR/Content/StarterContent/Shapes/Shape_NarrowCapsule.uexp" 1306
"C:/Users/Abran/9_Semestre/VR_Proyecto/BeatBoost_VR/Content/StarterContent/Shapes/Shape_Cone.ubulk" 1307
"C:/Users/Abran/9_Semestre/VR_Proyecto/BeatBoost_VR/Content/StarterContent/Shapes/Shape_Cone.uasset" 1308
"C:/Users/Abran/9_Semestre/VR_Proyecto/BeatBoost_VR/Content/StarterContent/Shapes/Shape_Cone.uexp" 1309
"C:/Users/Abran/9_Semestre/VR_Proyecto/BeatBoost_VR/Content/StarterContent/Materials/M_Basic_Floor.uasset" 1310
"C:/Users/Abran/9_Semestre/VR_Proyecto/BeatBoost_VR/Content/StarterContent/Materials/M_Basic_Floor.uexp" 1311
"C:/Users/Abran/9_Semestre/VR_Proyecto/BeatBoost_VR/Content/StarterContent/Props/SM_Stairs.ubulk" 1312
"C:/Users/Abran/9_Semestre/VR_Proyecto/BeatBoost_VR/Content/StarterContent/Props/SM_Stairs.uasset" 1313
"C:/Users/Abran/9_Semestre/VR_Proyecto/BeatBoost_VR/Content/StarterContent/Props/SM_Stairs.uexp" 1314
"C:/Users/Abran/9_Semestre/VR_Proyecto/BeatBoost_VR/Content/StarterContent/Textures/T_Shelf_N.ubulk" 1315
"C:/Users/Abran/9_Semestre/VR_Proyecto/BeatBoost_VR/Content/StarterContent/Textures/T_Shelf_N.uasset" 1316
"C:/Users/Abran/9_Semestre/VR_Proyecto/BeatBoost_VR/Content/StarterContent/Textures/T_Shelf_N.uexp" 1317
"C:/Users/Abran/9_Semestre/VR_Proyecto/BeatBoost_VR/Content/StarterContent/Textures/T_Shelf_M.ubulk" 1318
"C:/Users/Abran/9_Semestre/VR_Proyecto/BeatBoost_VR/Content/StarterContent/Textures/T_Shelf_M.uasset" 1319
"C:/Users/Abran/9_Semestre/VR_Proyecto/BeatBoost_VR/Content/StarterContent/Textures/T_Shelf_M.uexp" 1320
"C:/Users/Abran/9_Semestre/VR_Proyecto/BeatBoost_VR/Content/StarterContent/Props/Materials/M_Shelf.uasset" 1321
"C:/Users/Abran/9_Semestre/VR_Proyecto/BeatBoost_VR/Content/StarterContent/Props/Materials/M_Shelf.uexp" 1322
"C:/Users/Abran/9_Semestre/VR_Proyecto/BeatBoost_VR/Content/StarterContent/Props/SM_Shelf.ubulk" 1323
"C:/Users/Abran/9_Semestre/VR_Proyecto/BeatBoost_VR/Content/StarterContent/Props/SM_Shelf.uasset" 1324
"C:/Users/Abran/9_Semestre/VR_Proyecto/BeatBoost_VR/Content/StarterContent/Props/SM_Shelf.uexp" 1325
"C:/Users/Abran/9_Semestre/VR_Proyecto/BeatBoost_VR/Content/StarterContent/Textures/T_Detail_Rocky_N.ubulk" 1326
"C:/Users/Abran/9_Semestre/VR_Proyecto/BeatBoost_VR/Content/StarterContent/Textures/T_Detail_Rocky_N.uasset" 1327
"C:/Users/Abran/9_Semestre/VR_Proyecto/BeatBoost_VR/Content/StarterContent/Textures/T_Detail_Rocky_N.uexp" 1328
"C:/Users/Abran/9_Semestre/VR_Proyecto/BeatBoost_VR/Content/StarterContent/Textures/T_Rock_Basalt_D.ubulk" 1329
"C:/Users/Abran/9_Semestre/VR_Proyecto/BeatBoost_VR/Content/StarterContent/Textures/T_Rock_Basalt_D.uasset" 1330
"C:/Users/Abran/9_Semestre/VR_Proyecto/BeatBoost_VR/Content/StarterContent/Textures/T_Rock_Basalt_D.uexp" 1331
"C:/Users/Abran/9_Semestre/VR_Proyecto/BeatBoost_VR/Content/StarterContent/Textures/T_RockMesh_N.ubulk" 1332
"C:/Users/Abran/9_Semestre/VR_Proyecto/BeatBoost_VR/Content/StarterContent/Textures/T_RockMesh_N.uasset" 1333
"C:/Users/Abran/9_Semestre/VR_Proyecto/BeatBoost_VR/Content/StarterContent/Textures/T_RockMesh_N.uexp" 1334
"C:/Users/Abran/9_Semestre/VR_Proyecto/BeatBoost_VR/Content/StarterContent/Textures/T_RockMesh_M.ubulk" 1335
"C:/Users/Abran/9_Semestre/VR_Proyecto/BeatBoost_VR/Content/StarterContent/Textures/T_RockMesh_M.uasset" 1336
"C:/Users/Abran/9_Semestre/VR_Proyecto/BeatBoost_VR/Content/StarterContent/Textures/T_RockMesh_M.uexp" 1337
"C:/Users/Abran/9_Semestre/VR_Proyecto/BeatBoost_VR/Content/StarterContent/Props/Materials/M_Rock.uasset" 1338
"C:/Users/Abran/9_Semestre/VR_Proyecto/BeatBoost_VR/Content/StarterContent/Props/Materials/M_Rock.uexp" 1339
"C:/Users/Abran/9_Semestre/VR_Proyecto/BeatBoost_VR/Content/StarterContent/Props/SM_Rock.ubulk" 1340
"C:/Users/Abran/9_Semestre/VR_Proyecto/BeatBoost_VR/Content/StarterContent/Props/SM_Rock.uasset" 1341
"C:/Users/Abran/9_Semestre/VR_Proyecto/BeatBoost_VR/Content/StarterContent/Props/SM_Rock.uexp" 1342
"C:/Users/Abran/9_Semestre/VR_Proyecto/BeatBoost_VR/Content/StarterContent/Materials/M_Glass.uasset" 1343
"C:/Users/Abran/9_Semestre/VR_Proyecto/BeatBoost_VR/Content/StarterContent/Materials/M_Glass.uexp" 1344
"C:/Users/Abran/9_Semestre/VR_Proyecto/BeatBoost_VR/Content/StarterContent/Textures/T_Door_N.ubulk" 1345
"C:/Users/Abran/9_Semestre/VR_Proyecto/BeatBoost_VR/Content/StarterContent/Textures/T_Door_N.uasset" 1346
"C:/Users/Abran/9_Semestre/VR_Proyecto/BeatBoost_VR/Content/StarterContent/Textures/T_Door_N.uexp" 1347
"C:/Users/Abran/9_Semestre/VR_Proyecto/BeatBoost_VR/Content/StarterContent/Textures/T_Door_M.ubulk" 1348
"C:/Users/Abran/9_Semestre/VR_Proyecto/BeatBoost_VR/Content/StarterContent/Textures/T_Door_M.uasset" 1349
"C:/Users/Abran/9_Semestre/VR_Proyecto/BeatBoost_VR/Content/StarterContent/Textures/T_Door_M.uexp" 1350
"C:/Users/Abran/9_Semestre/VR_Proyecto/BeatBoost_VR/Content/StarterContent/Props/Materials/M_Door.uasset" 1351
"C:/Users/Abran/9_Semestre/VR_Proyecto/BeatBoost_VR/Content/StarterContent/Props/Materials/M_Door.uexp" 1352
"C:/Users/Abran/9_Semestre/VR_Proyecto/BeatBoost_VR/Content/StarterContent/Props/SM_Door.ubulk" 1353
"C:/Users/Abran/9_Semestre/VR_Proyecto/BeatBoost_VR/Content/StarterContent/Props/SM_Door.uasset" 1354
"C:/Users/Abran/9_Semestre/VR_Proyecto/BeatBoost_VR/Content/StarterContent/Props/SM_Door.uexp" 1355
"C:/Users/Abran/9_Semestre/VR_Proyecto/BeatBoost_VR/Content/StarterContent/Textures/T_Chair_N.ubulk" 1356
"C:/Users/Abran/9_Semestre/VR_Proyecto/BeatBoost_VR/Content/StarterContent/Textures/T_Chair_N.uasset" 1357
"C:/Users/Abran/9_Semestre/VR_Proyecto/BeatBoost_VR/Content/StarterContent/Textures/T_Chair_N.uexp" 1358
"C:/Users/Abran/9_Semestre/VR_Proyecto/BeatBoost_VR/Content/StarterContent/Textures/T_Chair_M.ubulk" 1359
"C:/Users/Abran/9_Semestre/VR_Proyecto/BeatBoost_VR/Content/StarterContent/Textures/T_Chair_M.uasset" 1360
"C:/Users/Abran/9_Semestre/VR_Proyecto/BeatBoost_VR/Content/StarterContent/Textures/T_Chair_M.uexp" 1361
"C:/Users/Abran/9_Semestre/VR_Proyecto/BeatBoost_VR/Content/StarterContent/Props/Materials/M_Chair.uasset" 1362
"C:/Users/Abran/9_Semestre/VR_Proyecto/BeatBoost_VR/Content/StarterContent/Props/Materials/M_Chair.uexp" 1363
"C:/Users/Abran/9_Semestre/VR_Proyecto/BeatBoost_VR/Content/StarterContent/Props/SM_Couch.ubulk" 1364
"C:/Users/Abran/9_Semestre/VR_Proyecto/BeatBoost_VR/Content/StarterContent/Props/SM_Couch.uasset" 1365
"C:/Users/Abran/9_Semestre/VR_Proyecto/BeatBoost_VR/Content/StarterContent/Props/SM_Couch.uexp" 1366
"C:/Users/Abran/9_Semestre/VR_Proyecto/BeatBoost_VR/Content/StarterContent/Textures/T_Bush_N.ubulk" 1367
"C:/Users/Abran/9_Semestre/VR_Proyecto/BeatBoost_VR/Content/StarterContent/Textures/T_Bush_N.uasset" 1368
"C:/Users/Abran/9_Semestre/VR_Proyecto/BeatBoost_VR/Content/StarterContent/Textures/T_Bush_N.uexp" 1369
"C:/Users/Abran/9_Semestre/VR_Proyecto/BeatBoost_VR/Content/StarterContent/Textures/T_Bush_D.ubulk" 1370
"C:/Users/Abran/9_Semestre/VR_Proyecto/BeatBoost_VR/Content/StarterContent/Textures/T_Bush_D.uasset" 1371
"C:/Users/Abran/9_Semestre/VR_Proyecto/BeatBoost_VR/Content/StarterContent/Textures/T_Bush_D.uexp" 1372
"C:/Users/Abran/9_Semestre/VR_Proyecto/BeatBoost_VR/Content/StarterContent/Props/Materials/M_Bush.uasset" 1373
"C:/Users/Abran/9_Semestre/VR_Proyecto/BeatBoost_VR/Content/StarterContent/Props/Materials/M_Bush.uexp" 1374
"C:/Users/Abran/9_Semestre/VR_Proyecto/BeatBoost_VR/Content/StarterContent/Props/SM_Bush.ubulk" 1375
"C:/Users/Abran/9_Semestre/VR_Proyecto/BeatBoost_VR/Content/StarterContent/Props/SM_Bush.uasset" 1376
"C:/Users/Abran/9_Semestre/VR_Proyecto/BeatBoost_VR/Content/StarterContent/Props/SM_Bush.uexp" 1377
"../../../Engine/Content/EditorMeshes/ColorCalibrator/T_ColorGrid.ubulk" 1378
"../../../Engine/Content/EditorMeshes/ColorCalibrator/T_ColorGrid.uasset" 1379
"../../../Engine/Content/EditorMeshes/ColorCalibrator/T_ColorGrid.uexp" 1380
"C:/Users/Abran/9_Semestre/VR_Proyecto/BeatBoost_VR/Content/StarterContent/Materials/M_ColorGrid_LowSpec.uasset" 1381
"C:/Users/Abran/9_Semestre/VR_Proyecto/BeatBoost_VR/Content/StarterContent/Materials/M_ColorGrid_LowSpec.uexp" 1382
"C:/Users/Abran/9_Semestre/VR_Proyecto/BeatBoost_VR/Content/StarterContent/Textures/T_Smoke_SubUV.ubulk" 1383
"C:/Users/Abran/9_Semestre/VR_Proyecto/BeatBoost_VR/Content/StarterContent/Textures/T_Smoke_SubUV.uasset" 1384
"C:/Users/Abran/9_Semestre/VR_Proyecto/BeatBoost_VR/Content/StarterContent/Textures/T_Smoke_SubUV.uexp" 1385
"C:/Users/Abran/9_Semestre/VR_Proyecto/BeatBoost_VR/Content/StarterContent/Textures/T_Smoke_Tiled_D.ubulk" 1386
"C:/Users/Abran/9_Semestre/VR_Proyecto/BeatBoost_VR/Content/StarterContent/Textures/T_Smoke_Tiled_D.uasset" 1387
"C:/Users/Abran/9_Semestre/VR_Proyecto/BeatBoost_VR/Content/StarterContent/Textures/T_Smoke_Tiled_D.uexp" 1388
"C:/Users/Abran/9_Semestre/VR_Proyecto/BeatBoost_VR/Content/StarterContent/Particles/Materials/M_smoke_subUV.uasset" 1389
"C:/Users/Abran/9_Semestre/VR_Proyecto/BeatBoost_VR/Content/StarterContent/Particles/Materials/M_smoke_subUV.uexp" 1390
"C:/Users/Abran/9_Semestre/VR_Proyecto/BeatBoost_VR/Content/StarterContent/Textures/T_Burst_M.ubulk" 1391
"C:/Users/Abran/9_Semestre/VR_Proyecto/BeatBoost_VR/Content/StarterContent/Textures/T_Burst_M.uasset" 1392
"C:/Users/Abran/9_Semestre/VR_Proyecto/BeatBoost_VR/Content/StarterContent/Textures/T_Burst_M.uexp" 1393
"C:/Users/Abran/9_Semestre/VR_Proyecto/BeatBoost_VR/Content/StarterContent/Particles/Materials/M_Burst.uasset" 1394
"C:/Users/Abran/9_Semestre/VR_Proyecto/BeatBoost_VR/Content/StarterContent/Particles/Materials/M_Burst.uexp" 1395
"C:/Users/Abran/9_Semestre/VR_Proyecto/BeatBoost_VR/Content/StarterContent/Particles/Materials/m_flare_01.uasset" 1396
"C:/Users/Abran/9_Semestre/VR_Proyecto/BeatBoost_VR/Content/StarterContent/Particles/Materials/m_flare_01.uexp" 1397
"C:/Users/Abran/9_Semestre/VR_Proyecto/BeatBoost_VR/Content/StarterContent/Textures/T_Explosion_SubUV.ubulk" 1398
"C:/Users/Abran/9_Semestre/VR_Proyecto/BeatBoost_VR/Content/StarterContent/Textures/T_Explosion_SubUV.uasset" 1399
"C:/Users/Abran/9_Semestre/VR_Proyecto/BeatBoost_VR/Content/StarterContent/Textures/T_Explosion_SubUV.uexp" 1400
"C:/Users/Abran/9_Semestre/VR_Proyecto/BeatBoost_VR/Content/StarterContent/Particles/Materials/M_explosion_subUV.uasset" 1401
"C:/Users/Abran/9_Semestre/VR_Proyecto/BeatBoost_VR/Content/StarterContent/Particles/Materials/M_explosion_subUV.uexp" 1402
"../../../Engine/Content/Functions/Engine_MaterialFunctions01/Gradient/RadialGradient.uasset" 1403
"../../../Engine/Content/Functions/Engine_MaterialFunctions01/Gradient/RadialGradient.uexp" 1404
"C:/Users/Abran/9_Semestre/VR_Proyecto/BeatBoost_VR/Content/StarterContent/Particles/Materials/M_radial_ramp.uasset" 1405
"C:/Users/Abran/9_Semestre/VR_Proyecto/BeatBoost_VR/Content/StarterContent/Particles/Materials/M_radial_ramp.uexp" 1406
"C:/Users/Abran/9_Semestre/VR_Proyecto/BeatBoost_VR/Content/StarterContent/Particles/P_Explosion.uasset" 1407
"C:/Users/Abran/9_Semestre/VR_Proyecto/BeatBoost_VR/Content/StarterContent/Particles/P_Explosion.uexp" 1408
"C:/Users/Abran/9_Semestre/VR_Proyecto/BeatBoost_VR/Content/StarterContent/Audio/Explosion_Cue.uasset" 1409
"C:/Users/Abran/9_Semestre/VR_Proyecto/BeatBoost_VR/Content/StarterContent/Audio/Explosion_Cue.uexp" 1410
"C:/Users/Abran/9_Semestre/VR_Proyecto/BeatBoost_VR/Content/StarterContent/Blueprints/Blueprint_Effect_Explosion.uasset" 1411
"C:/Users/Abran/9_Semestre/VR_Proyecto/BeatBoost_VR/Content/StarterContent/Blueprints/Blueprint_Effect_Explosion.uexp" 1412
"C:/Users/Abran/9_Semestre/VR_Proyecto/BeatBoost_VR/Content/StarterContent/Audio/Steam01.ubulk" 1413
"C:/Users/Abran/9_Semestre/VR_Proyecto/BeatBoost_VR/Content/StarterContent/Audio/Steam01.uasset" 1414
"C:/Users/Abran/9_Semestre/VR_Proyecto/BeatBoost_VR/Content/StarterContent/Audio/Steam01.uexp" 1415
"C:/Users/Abran/9_Semestre/VR_Proyecto/BeatBoost_VR/Content/StarterContent/Audio/Starter_Wind06.ubulk" 1416
"C:/Users/Abran/9_Semestre/VR_Proyecto/BeatBoost_VR/Content/StarterContent/Audio/Starter_Wind06.uasset" 1417
"C:/Users/Abran/9_Semestre/VR_Proyecto/BeatBoost_VR/Content/StarterContent/Audio/Starter_Wind06.uexp" 1418
"C:/Users/Abran/9_Semestre/VR_Proyecto/BeatBoost_VR/Content/StarterContent/Audio/Starter_Wind05.ubulk" 1419
"C:/Users/Abran/9_Semestre/VR_Proyecto/BeatBoost_VR/Content/StarterContent/Audio/Starter_Wind05.uasset" 1420
"C:/Users/Abran/9_Semestre/VR_Proyecto/BeatBoost_VR/Content/StarterContent/Audio/Starter_Wind05.uexp" 1421
"C:/Users/Abran/9_Semestre/VR_Proyecto/BeatBoost_VR/Content/StarterContent/Audio/Starter_Music01.ubulk" 1422
"C:/Users/Abran/9_Semestre/VR_Proyecto/BeatBoost_VR/Content/StarterContent/Audio/Starter_Music01.uasset" 1423
"C:/Users/Abran/9_Semestre/VR_Proyecto/BeatBoost_VR/Content/StarterContent/Audio/Starter_Music01.uexp" 1424
"C:/Users/Abran/9_Semestre/VR_Proyecto/BeatBoost_VR/Content/StarterContent/Audio/Starter_Birds01.ubulk" 1425
"C:/Users/Abran/9_Semestre/VR_Proyecto/BeatBoost_VR/Content/StarterContent/Audio/Starter_Birds01.uasset" 1426
"C:/Users/Abran/9_Semestre/VR_Proyecto/BeatBoost_VR/Content/StarterContent/Audio/Starter_Birds01.uexp" 1427
"C:/Users/Abran/9_Semestre/VR_Proyecto/BeatBoost_VR/Content/StarterContent/Audio/Smoke01.ubulk" 1428
"C:/Users/Abran/9_Semestre/VR_Proyecto/BeatBoost_VR/Content/StarterContent/Audio/Smoke01.uasset" 1429
"C:/Users/Abran/9_Semestre/VR_Proyecto/BeatBoost_VR/Content/StarterContent/Audio/Smoke01.uexp" 1430
"C:/Users/Abran/9_Semestre/VR_Proyecto/BeatBoost_VR/Content/StarterContent/Audio/Light02_Cue.uasset" 1431
"C:/Users/Abran/9_Semestre/VR_Proyecto/BeatBoost_VR/Content/StarterContent/Audio/Light02_Cue.uexp" 1432
"C:/Users/Abran/9_Semestre/VR_Proyecto/BeatBoost_VR/Content/StarterContent/Audio/Light02.ubulk" 1433
"C:/Users/Abran/9_Semestre/VR_Proyecto/BeatBoost_VR/Content/StarterContent/Audio/Light02.uasset" 1434
"C:/Users/Abran/9_Semestre/VR_Proyecto/BeatBoost_VR/Content/StarterContent/Audio/Light02.uexp" 1435
"C:/Users/Abran/9_Semestre/VR_Proyecto/BeatBoost_VR/Content/StarterContent/Audio/Light01_Cue.uasset" 1436
"C:/Users/Abran/9_Semestre/VR_Proyecto/BeatBoost_VR/Content/StarterContent/Audio/Light01_Cue.uexp" 1437
"C:/Users/Abran/9_Semestre/VR_Proyecto/BeatBoost_VR/Content/StarterContent/Audio/Light01.ubulk" 1438
"C:/Users/Abran/9_Semestre/VR_Proyecto/BeatBoost_VR/Content/StarterContent/Audio/Light01.uasset" 1439
"C:/Users/Abran/9_Semestre/VR_Proyecto/BeatBoost_VR/Content/StarterContent/Audio/Light01.uexp" 1440
"C:/Users/Abran/9_Semestre/VR_Proyecto/BeatBoost_VR/Content/StarterContent/Audio/Fire_Sparks01.ubulk" 1441
"C:/Users/Abran/9_Semestre/VR_Proyecto/BeatBoost_VR/Content/StarterContent/Audio/Fire_Sparks01.uasset" 1442
"C:/Users/Abran/9_Semestre/VR_Proyecto/BeatBoost_VR/Content/StarterContent/Audio/Fire_Sparks01.uexp" 1443
"C:/Users/Abran/9_Semestre/VR_Proyecto/BeatBoost_VR/Content/StarterContent/Audio/Fire01.ubulk" 1444
"C:/Users/Abran/9_Semestre/VR_Proyecto/BeatBoost_VR/Content/StarterContent/Audio/Fire01.uasset" 1445
"C:/Users/Abran/9_Semestre/VR_Proyecto/BeatBoost_VR/Content/StarterContent/Audio/Fire01.uexp" 1446
"C:/Users/Abran/9_Semestre/VR_Proyecto/BeatBoost_VR/Content/StarterContent/Audio/Explosion02.ubulk" 1447
"C:/Users/Abran/9_Semestre/VR_Proyecto/BeatBoost_VR/Content/StarterContent/Audio/Explosion02.uasset" 1448
"C:/Users/Abran/9_Semestre/VR_Proyecto/BeatBoost_VR/Content/StarterContent/Audio/Explosion02.uexp" 1449
"C:/Users/Abran/9_Semestre/VR_Proyecto/BeatBoost_VR/Content/StarterContent/Audio/Explosion01.ubulk" 1450
"C:/Users/Abran/9_Semestre/VR_Proyecto/BeatBoost_VR/Content/StarterContent/Audio/Explosion01.uasset" 1451
"C:/Users/Abran/9_Semestre/VR_Proyecto/BeatBoost_VR/Content/StarterContent/Audio/Explosion01.uexp" 1452
"C:/Users/Abran/9_Semestre/VR_Proyecto/BeatBoost_VR/Content/StarterContent/Audio/Collapse02.ubulk" 1453
"C:/Users/Abran/9_Semestre/VR_Proyecto/BeatBoost_VR/Content/StarterContent/Audio/Collapse02.uasset" 1454
"C:/Users/Abran/9_Semestre/VR_Proyecto/BeatBoost_VR/Content/StarterContent/Audio/Collapse02.uexp" 1455
"C:/Users/Abran/9_Semestre/VR_Proyecto/BeatBoost_VR/Content/StarterContent/Audio/Collapse01.ubulk" 1456
"C:/Users/Abran/9_Semestre/VR_Proyecto/BeatBoost_VR/Content/StarterContent/Audio/Collapse01.uasset" 1457
"C:/Users/Abran/9_Semestre/VR_Proyecto/BeatBoost_VR/Content/StarterContent/Audio/Collapse01.uexp" 1458
"C:/Users/Abran/9_Semestre/VR_Proyecto/BeatBoost_VR/Content/StarterContent/Architecture/Wall_Window_400x400.ubulk" 1459
"C:/Users/Abran/9_Semestre/VR_Proyecto/BeatBoost_VR/Content/StarterContent/Architecture/Wall_Window_400x400.uasset" 1460
"C:/Users/Abran/9_Semestre/VR_Proyecto/BeatBoost_VR/Content/StarterContent/Architecture/Wall_Window_400x400.uexp" 1461
"C:/Users/Abran/9_Semestre/VR_Proyecto/BeatBoost_VR/Content/StarterContent/Architecture/Wall_Door_400x400.ubulk" 1462
"C:/Users/Abran/9_Semestre/VR_Proyecto/BeatBoost_VR/Content/StarterContent/Architecture/Wall_Door_400x400.uasset" 1463
"C:/Users/Abran/9_Semestre/VR_Proyecto/BeatBoost_VR/Content/StarterContent/Architecture/Wall_Door_400x400.uexp" 1464
"C:/Users/Abran/9_Semestre/VR_Proyecto/BeatBoost_VR/Content/StarterContent/Architecture/Wall_500x500.ubulk" 1465
"C:/Users/Abran/9_Semestre/VR_Proyecto/BeatBoost_VR/Content/StarterContent/Architecture/Wall_500x500.uasset" 1466
"C:/Users/Abran/9_Semestre/VR_Proyecto/BeatBoost_VR/Content/StarterContent/Architecture/Wall_500x500.uexp" 1467
"C:/Users/Abran/9_Semestre/VR_Proyecto/BeatBoost_VR/Content/StarterContent/Architecture/Wall_400x400.ubulk" 1468
"C:/Users/Abran/9_Semestre/VR_Proyecto/BeatBoost_VR/Content/StarterContent/Architecture/Wall_400x400.uasset" 1469
"C:/Users/Abran/9_Semestre/VR_Proyecto/BeatBoost_VR/Content/StarterContent/Architecture/Wall_400x400.uexp" 1470
"C:/Users/Abran/9_Semestre/VR_Proyecto/BeatBoost_VR/Content/StarterContent/Architecture/Wall_400x300.ubulk" 1471
"C:/Users/Abran/9_Semestre/VR_Proyecto/BeatBoost_VR/Content/StarterContent/Architecture/Wall_400x300.uasset" 1472
"C:/Users/Abran/9_Semestre/VR_Proyecto/BeatBoost_VR/Content/StarterContent/Architecture/Wall_400x300.uexp" 1473
"C:/Users/Abran/9_Semestre/VR_Proyecto/BeatBoost_VR/Content/StarterContent/Architecture/Pillar_50x500.ubulk" 1474
"C:/Users/Abran/9_Semestre/VR_Proyecto/BeatBoost_VR/Content/StarterContent/Architecture/Pillar_50x500.uasset" 1475
"C:/Users/Abran/9_Semestre/VR_Proyecto/BeatBoost_VR/Content/StarterContent/Architecture/Pillar_50x500.uexp" 1476
"C:/Users/Abran/9_Semestre/VR_Proyecto/BeatBoost_VR/Content/LevelPrototyping/Textures/T_GridChecker_A.ubulk" 1477
"C:/Users/Abran/9_Semestre/VR_Proyecto/BeatBoost_VR/Content/LevelPrototyping/Textures/T_GridChecker_A.uasset" 1478
"C:/Users/Abran/9_Semestre/VR_Proyecto/BeatBoost_VR/Content/LevelPrototyping/Textures/T_GridChecker_A.uexp" 1479
"C:/Users/Abran/9_Semestre/VR_Proyecto/BeatBoost_VR/Content/LevelPrototyping/Materials/MF_ProcGrid.uasset" 1480
"C:/Users/Abran/9_Semestre/VR_Proyecto/BeatBoost_VR/Content/LevelPrototyping/Materials/MF_ProcGrid.uexp" 1481
"C:/Users/Abran/9_Semestre/VR_Proyecto/BeatBoost_VR/Content/LevelPrototyping/Materials/M_PrototypeGrid.uasset" 1482
"C:/Users/Abran/9_Semestre/VR_Proyecto/BeatBoost_VR/Content/LevelPrototyping/Materials/M_PrototypeGrid.uexp" 1483
"C:/Users/Abran/9_Semestre/VR_Proyecto/BeatBoost_VR/Content/LevelPrototyping/Materials/MI_PrototypeGrid_Gray.uasset" 1484
"C:/Users/Abran/9_Semestre/VR_Proyecto/BeatBoost_VR/Content/LevelPrototyping/Materials/MI_PrototypeGrid_Gray.uexp" 1485
"C:/Users/Abran/9_Semestre/VR_Proyecto/BeatBoost_VR/Content/LevelPrototyping/Meshes/SM_Ramp.ubulk" 1486
"C:/Users/Abran/9_Semestre/VR_Proyecto/BeatBoost_VR/Content/LevelPrototyping/Meshes/SM_Ramp.uasset" 1487
"C:/Users/Abran/9_Semestre/VR_Proyecto/BeatBoost_VR/Content/LevelPrototyping/Meshes/SM_Ramp.uexp" 1488
"C:/Users/Abran/9_Semestre/VR_Proyecto/BeatBoost_VR/Content/LevelPrototyping/Meshes/SM_QuarterCylinder.ubulk" 1489
"C:/Users/Abran/9_Semestre/VR_Proyecto/BeatBoost_VR/Content/LevelPrototyping/Meshes/SM_QuarterCylinder.uasset" 1490
"C:/Users/Abran/9_Semestre/VR_Proyecto/BeatBoost_VR/Content/LevelPrototyping/Meshes/SM_QuarterCylinder.uexp" 1491
"C:/Users/Abran/9_Semestre/VR_Proyecto/BeatBoost_VR/Content/LevelPrototyping/Meshes/SM_Cylinder.ubulk" 1492
"C:/Users/Abran/9_Semestre/VR_Proyecto/BeatBoost_VR/Content/LevelPrototyping/Meshes/SM_Cylinder.uasset" 1493
"C:/Users/Abran/9_Semestre/VR_Proyecto/BeatBoost_VR/Content/LevelPrototyping/Meshes/SM_Cylinder.uexp" 1494
"C:/Users/Abran/9_Semestre/VR_Proyecto/BeatBoost_VR/Content/LevelPrototyping/Meshes/SM_Cube.ubulk" 1495
"C:/Users/Abran/9_Semestre/VR_Proyecto/BeatBoost_VR/Content/LevelPrototyping/Meshes/SM_Cube.uasset" 1496
"C:/Users/Abran/9_Semestre/VR_Proyecto/BeatBoost_VR/Content/LevelPrototyping/Meshes/SM_Cube.uexp" 1497
"C:/Users/Abran/9_Semestre/VR_Proyecto/BeatBoost_VR/Content/LevelPrototyping/Materials/M_Solid.uasset" 1498
"C:/Users/Abran/9_Semestre/VR_Proyecto/BeatBoost_VR/Content/LevelPrototyping/Materials/M_Solid.uexp" 1499
"C:/Users/Abran/9_Semestre/VR_Proyecto/BeatBoost_VR/Content/LevelPrototyping/Materials/MI_Solid_Blue.uasset" 1500
"C:/Users/Abran/9_Semestre/VR_Proyecto/BeatBoost_VR/Content/LevelPrototyping/Materials/MI_Solid_Blue.uexp" 1501
"C:/Users/Abran/9_Semestre/VR_Proyecto/BeatBoost_VR/Content/LevelPrototyping/Meshes/SM_ChamferCube.ubulk" 1502
"C:/Users/Abran/9_Semestre/VR_Proyecto/BeatBoost_VR/Content/LevelPrototyping/Meshes/SM_ChamferCube.uasset" 1503
"C:/Users/Abran/9_Semestre/VR_Proyecto/BeatBoost_VR/Content/LevelPrototyping/Meshes/SM_ChamferCube.uexp" 1504
"C:/Users/Abran/9_Semestre/VR_Proyecto/BeatBoost_VR/Content/LevelPrototyping/Materials/MI_PrototypeGrid_TopDark.uasset" 1505
"C:/Users/Abran/9_Semestre/VR_Proyecto/BeatBoost_VR/Content/LevelPrototyping/Materials/MI_PrototypeGrid_TopDark.uexp" 1506
"C:/Users/Abran/9_Semestre/VR_Proyecto/BeatBoost_VR/Content/LevelPrototyping/Materials/MI_PrototypeGrid_Gray_02.uasset" 1507
"C:/Users/Abran/9_Semestre/VR_Proyecto/BeatBoost_VR/Content/LevelPrototyping/Materials/MI_PrototypeGrid_Gray_02.uexp" 1508
"C:/Users/Abran/9_Semestre/VR_Proyecto/BeatBoost_VR/Content/FPWeapon/Mesh/SK_FPGun_PhysicsAsset.uasset" 1509
"C:/Users/Abran/9_Semestre/VR_Proyecto/BeatBoost_VR/Content/FPWeapon/Mesh/SK_FPGun_PhysicsAsset.uexp" 1510
"C:/Users/Abran/9_Semestre/VR_Proyecto/BeatBoost_VR/Content/FPWeapon/Materials/BaseMaterial.uasset" 1511
"C:/Users/Abran/9_Semestre/VR_Proyecto/BeatBoost_VR/Content/FPWeapon/Materials/BaseMaterial.uexp" 1512
"C:/Users/Abran/9_Semestre/VR_Proyecto/BeatBoost_VR/Content/FPWeapon/Materials/FirstPersonProjectileMaterial.uasset" 1513
"C:/Users/Abran/9_Semestre/VR_Proyecto/BeatBoost_VR/Content/FPWeapon/Materials/FirstPersonProjectileMaterial.uexp" 1514
"C:/Users/Abran/9_Semestre/VR_Proyecto/BeatBoost_VR/Content/FPWeapon/Mesh/FirstPersonProjectileMesh.ubulk" 1515
"C:/Users/Abran/9_Semestre/VR_Proyecto/BeatBoost_VR/Content/FPWeapon/Mesh/FirstPersonProjectileMesh.uasset" 1516
"C:/Users/Abran/9_Semestre/VR_Proyecto/BeatBoost_VR/Content/FPWeapon/Mesh/FirstPersonProjectileMesh.uexp" 1517
"C:/Users/Abran/9_Semestre/VR_Proyecto/BeatBoost_VR/Content/FPWeapon/Audio/FirstPersonTemplateWeaponFire02.ubulk" 1518
"C:/Users/Abran/9_Semestre/VR_Proyecto/BeatBoost_VR/Content/FPWeapon/Audio/FirstPersonTemplateWeaponFire02.uasset" 1519
"C:/Users/Abran/9_Semestre/VR_Proyecto/BeatBoost_VR/Content/FPWeapon/Audio/FirstPersonTemplateWeaponFire02.uexp" 1520
"C:/Users/Abran/9_Semestre/VR_Proyecto/BeatBoost_VR/Content/Escenario/Multimedia/Sonidos/fireworks1.ubulk" 1521
"C:/Users/Abran/9_Semestre/VR_Proyecto/BeatBoost_VR/Content/Escenario/Multimedia/Sonidos/fireworks1.uasset" 1522
"C:/Users/Abran/9_Semestre/VR_Proyecto/BeatBoost_VR/Content/Escenario/Multimedia/Sonidos/fireworks1.uexp" 1523
"../../../Engine/Plugins/FX/Niagara/Content/DefaultAssets/DefaultRIbbonMaterial.uasset" 1524
"../../../Engine/Plugins/FX/Niagara/Content/DefaultAssets/DefaultRIbbonMaterial.uexp" 1525
"../../../Engine/Plugins/FX/Niagara/Content/DefaultAssets/DefaultSpriteMaterial.uasset" 1526
"../../../Engine/Plugins/FX/Niagara/Content/DefaultAssets/DefaultSpriteMaterial.uexp" 1527
"C:/Users/Abran/9_Semestre/VR_Proyecto/BeatBoost_VR/Content/Escenario/Multimedia/Sonidos/Firework2.ubulk" 1528
"C:/Users/Abran/9_Semestre/VR_Proyecto/BeatBoost_VR/Content/Escenario/Multimedia/Sonidos/Firework2.uasset" 1529
"C:/Users/Abran/9_Semestre/VR_Proyecto/BeatBoost_VR/Content/Escenario/Multimedia/Sonidos/Firework2.uexp" 1530
"C:/Users/Abran/9_Semestre/VR_Proyecto/BeatBoost_VR/Content/Escenario/Particulas/NS_Fireworks2.uasset" 1531
"C:/Users/Abran/9_Semestre/VR_Proyecto/BeatBoost_VR/Content/Escenario/Particulas/NS_Fireworks2.uexp" 1532
"C:/Users/Abran/9_Semestre/VR_Proyecto/BeatBoost_VR/Content/Escenario/Particulas/NS_Fireworks1.uasset" 1533
"C:/Users/Abran/9_Semestre/VR_Proyecto/BeatBoost_VR/Content/Escenario/Particulas/NS_Fireworks1.uexp" 1534
"C:/Users/Abran/9_Semestre/VR_Proyecto/BeatBoost_VR/Content/Escenario/Particulas/NS_Fireworks.uasset" 1535
"C:/Users/Abran/9_Semestre/VR_Proyecto/BeatBoost_VR/Content/Escenario/Particulas/NS_Fireworks.uexp" 1536
"C:/Users/Abran/9_Semestre/VR_Proyecto/BeatBoost_VR/Content/Escenario/Particulas/Confetti_MAT/Material_001.uasset" 1537
"C:/Users/Abran/9_Semestre/VR_Proyecto/BeatBoost_VR/Content/Escenario/Particulas/Confetti_MAT/Material_001.uexp" 1538
"C:/Users/Abran/9_Semestre/VR_Proyecto/BeatBoost_VR/Content/Escenario/Particulas/Confetti_MAT/Confetti.ubulk" 1539
"C:/Users/Abran/9_Semestre/VR_Proyecto/BeatBoost_VR/Content/Escenario/Particulas/Confetti_MAT/Confetti.uasset" 1540
"C:/Users/Abran/9_Semestre/VR_Proyecto/BeatBoost_VR/Content/Escenario/Particulas/Confetti_MAT/Confetti.uexp" 1541
"../../../Engine/Plugins/FX/Niagara/Content/VectorFields/Assets/TilingCurl32.uasset" 1542
"../../../Engine/Plugins/FX/Niagara/Content/VectorFields/Assets/TilingCurl32.uexp" 1543
"C:/Users/Abran/9_Semestre/VR_Proyecto/BeatBoost_VR/Content/Escenario/Particulas/NS_Confetti.uasset" 1544
"C:/Users/Abran/9_Semestre/VR_Proyecto/BeatBoost_VR/Content/Escenario/Particulas/NS_Confetti.uexp" 1545
"../../../Engine/Plugins/Interchange/Runtime/Content/gltf/MaterialFunctions/MF_RotateV2.uasset" 1546
"../../../Engine/Plugins/Interchange/Runtime/Content/gltf/MaterialFunctions/MF_RotateV2.uexp" 1547
"../../../Engine/Plugins/Interchange/Runtime/Content/gltf/MaterialFunctions/MF_TransformUVs.uasset" 1548
"../../../Engine/Plugins/Interchange/Runtime/Content/gltf/MaterialFunctions/MF_TransformUVs.uexp" 1549
"../../../Engine/Plugins/Interchange/Runtime/Content/gltf/Textures/T_White_srgb.uasset" 1550
"../../../Engine/Plugins/Interchange/Runtime/Content/gltf/Textures/T_White_srgb.uexp" 1551
"../../../Engine/Plugins/Interchange/Runtime/Content/gltf/MaterialFunctions/MF_BaseColor.uasset" 1552
"../../../Engine/Plugins/Interchange/Runtime/Content/gltf/MaterialFunctions/MF_BaseColor.uexp" 1553
"../../../Engine/Plugins/Interchange/Runtime/Content/gltf/MaterialBodies/MF_Unlit_Body.uasset" 1554
"../../../Engine/Plugins/Interchange/Runtime/Content/gltf/MaterialBodies/MF_Unlit_Body.uexp" 1555
"../../../Engine/Plugins/Interchange/Runtime/Content/gltf/M_Unlit.uasset" 1556
"../../../Engine/Plugins/Interchange/Runtime/Content/gltf/M_Unlit.uexp" 1557
"../../../Engine/Plugins/Interchange/Runtime/Content/gltf/MaterialInstances/MI_Unlit_Opaque_DS.uasset" 1558
"../../../Engine/Plugins/Interchange/Runtime/Content/gltf/MaterialInstances/MI_Unlit_Opaque_DS.uexp" 1559
"../../../Engine/Plugins/Interchange/Runtime/Content/gltf/MaterialInstances/MI_Unlit_Opaque.uasset" 1560
"../../../Engine/Plugins/Interchange/Runtime/Content/gltf/MaterialInstances/MI_Unlit_Opaque.uexp" 1561
"../../../Engine/Plugins/Interchange/Runtime/Content/gltf/MaterialInstances/MI_Unlit_Mask_DS.uasset" 1562
"../../../Engine/Plugins/Interchange/Runtime/Content/gltf/MaterialInstances/MI_Unlit_Mask_DS.uexp" 1563
"../../../Engine/Plugins/Interchange/Runtime/Content/gltf/MaterialInstances/MI_Unlit_Mask.uasset" 1564
"../../../Engine/Plugins/Interchange/Runtime/Content/gltf/MaterialInstances/MI_Unlit_Mask.uexp" 1565
"../../../Engine/Plugins/Interchange/Runtime/Content/gltf/MaterialInstances/MI_Unlit_Blend_DS.uasset" 1566
"../../../Engine/Plugins/Interchange/Runtime/Content/gltf/MaterialInstances/MI_Unlit_Blend_DS.uexp" 1567
"../../../Engine/Plugins/Interchange/Runtime/Content/gltf/MaterialInstances/MI_Unlit_Blend.uasset" 1568
"../../../Engine/Plugins/Interchange/Runtime/Content/gltf/MaterialInstances/MI_Unlit_Blend.uexp" 1569
"../../../Engine/Plugins/Interchange/Runtime/Content/gltf/MaterialFunctions/MF_Iridescence.uasset" 1570
"../../../Engine/Plugins/Interchange/Runtime/Content/gltf/MaterialFunctions/MF_Iridescence.uexp" 1571
"../../../Engine/Plugins/Interchange/Runtime/Content/gltf/Textures/T_White_Linear.uasset" 1572
"../../../Engine/Plugins/Interchange/Runtime/Content/gltf/Textures/T_White_Linear.uexp" 1573
"../../../Engine/Plugins/Interchange/Runtime/Content/gltf/MaterialFunctions/MF_MetallicRoughness.uasset" 1574
"../../../Engine/Plugins/Interchange/Runtime/Content/gltf/MaterialFunctions/MF_MetallicRoughness.uexp" 1575
"../../../Engine/Plugins/Interchange/Runtime/Content/gltf/MaterialFunctions/MF_Transmission.uasset" 1576
"../../../Engine/Plugins/Interchange/Runtime/Content/gltf/MaterialFunctions/MF_Transmission.uexp" 1577
"../../../Engine/Plugins/Interchange/Runtime/Content/gltf/MaterialFunctions/MF_Occlusion.uasset" 1578
"../../../Engine/Plugins/Interchange/Runtime/Content/gltf/MaterialFunctions/MF_Occlusion.uexp" 1579
"../../../Engine/Plugins/Interchange/Runtime/Content/gltf/MaterialFunctions/MF_Specular.uasset" 1580
"../../../Engine/Plugins/Interchange/Runtime/Content/gltf/MaterialFunctions/MF_Specular.uexp" 1581
"../../../Engine/Plugins/Interchange/Runtime/Content/gltf/MaterialFunctions/MF_IOR.uasset" 1582
"../../../Engine/Plugins/Interchange/Runtime/Content/gltf/MaterialFunctions/MF_IOR.uexp" 1583
"../../../Engine/Plugins/Interchange/Runtime/Content/gltf/MaterialFunctions/MF_RotateNormals_TS.uasset" 1584
"../../../Engine/Plugins/Interchange/Runtime/Content/gltf/MaterialFunctions/MF_RotateNormals_TS.uexp" 1585
"../../../Engine/Plugins/Interchange/Runtime/Content/gltf/Textures/T_Generic_N.uasset" 1586
"../../../Engine/Plugins/Interchange/Runtime/Content/gltf/Textures/T_Generic_N.uexp" 1587
"../../../Engine/Plugins/Interchange/Runtime/Content/gltf/MaterialFunctions/MF_Normals.uasset" 1588
"../../../Engine/Plugins/Interchange/Runtime/Content/gltf/MaterialFunctions/MF_Normals.uexp" 1589
"../../../Engine/Plugins/Interchange/Runtime/Content/gltf/MaterialBodies/MF_Transmission_Body.uasset" 1590
"../../../Engine/Plugins/Interchange/Runtime/Content/gltf/MaterialBodies/MF_Transmission_Body.uexp" 1591
"../../../Engine/Plugins/Interchange/Runtime/Content/gltf/M_Transmission.uasset" 1592
"../../../Engine/Plugins/Interchange/Runtime/Content/gltf/M_Transmission.uexp" 1593
"../../../Engine/Plugins/Interchange/Runtime/Content/gltf/MaterialInstances/MI_Transmission_DS.uasset" 1594
"../../../Engine/Plugins/Interchange/Runtime/Content/gltf/MaterialInstances/MI_Transmission_DS.uexp" 1595
"../../../Engine/Plugins/Interchange/Runtime/Content/gltf/MaterialInstances/MI_Transmission.uasset" 1596
"../../../Engine/Plugins/Interchange/Runtime/Content/gltf/MaterialInstances/MI_Transmission.uexp" 1597
"../../../Engine/Plugins/Interchange/Runtime/Content/gltf/MaterialFunctions/MF_DiffuseSpecGloss.uasset" 1598
"../../../Engine/Plugins/Interchange/Runtime/Content/gltf/MaterialFunctions/MF_DiffuseSpecGloss.uexp" 1599
"../../../Engine/Content/Functions/Engine_MaterialFunctions02/Math/AddComponents.uasset" 1600
"../../../Engine/Content/Functions/Engine_MaterialFunctions02/Math/AddComponents.uexp" 1601
"../../../Engine/Plugins/Interchange/Runtime/Content/gltf/MaterialFunctions/MF_PerceivedBrightness.uasset" 1602
"../../../Engine/Plugins/Interchange/Runtime/Content/gltf/MaterialFunctions/MF_PerceivedBrightness.uexp" 1603
"../../../Engine/Plugins/Interchange/Runtime/Content/gltf/MaterialFunctions/MF_Emissive.uasset" 1604
"../../../Engine/Plugins/Interchange/Runtime/Content/gltf/MaterialFunctions/MF_Emissive.uexp" 1605
"../../../Engine/Plugins/Interchange/Runtime/Content/gltf/MaterialFunctions/MF_SpecGlossToMetalRoughness.uasset" 1606
"../../../Engine/Plugins/Interchange/Runtime/Content/gltf/MaterialFunctions/MF_SpecGlossToMetalRoughness.uexp" 1607
"../../../Engine/Plugins/Interchange/Runtime/Content/gltf/MaterialBodies/MF_SpecularGlossiness_Body.uasset" 1608
"../../../Engine/Plugins/Interchange/Runtime/Content/gltf/MaterialBodies/MF_SpecularGlossiness_Body.uexp" 1609
"../../../Engine/Plugins/Interchange/Runtime/Content/gltf/M_SpecularGlossiness.uasset" 1610
"../../../Engine/Plugins/Interchange/Runtime/Content/gltf/M_SpecularGlossiness.uexp" 1611
"../../../Engine/Plugins/Interchange/Runtime/Content/gltf/MaterialInstances/MI_SpecularGlossiness_Opaque_DS.uasset" 1612
"../../../Engine/Plugins/Interchange/Runtime/Content/gltf/MaterialInstances/MI_SpecularGlossiness_Opaque_DS.uexp" 1613
"../../../Engine/Plugins/Interchange/Runtime/Content/gltf/MaterialInstances/MI_SpecularGlossiness_Opaque.uasset" 1614
"../../../Engine/Plugins/Interchange/Runtime/Content/gltf/MaterialInstances/MI_SpecularGlossiness_Opaque.uexp" 1615
"../../../Engine/Plugins/Interchange/Runtime/Content/gltf/MaterialInstances/MI_SpecularGlossiness_Mask_DS.uasset" 1616
"../../../Engine/Plugins/Interchange/Runtime/Content/gltf/MaterialInstances/MI_SpecularGlossiness_Mask_DS.uexp" 1617
"../../../Engine/Plugins/Interchange/Runtime/Content/gltf/MaterialInstances/MI_SpecularGlossiness_Mask.uasset" 1618
"../../../Engine/Plugins/Interchange/Runtime/Content/gltf/MaterialInstances/MI_SpecularGlossiness_Mask.uexp" 1619
"../../../Engine/Plugins/Interchange/Runtime/Content/gltf/MaterialInstances/MI_SpecularGlossiness_Blend_DS.uasset" 1620
"../../../Engine/Plugins/Interchange/Runtime/Content/gltf/MaterialInstances/MI_SpecularGlossiness_Blend_DS.uexp" 1621
"../../../Engine/Plugins/Interchange/Runtime/Content/gltf/MaterialInstances/MI_SpecularGlossiness_Blend.uasset" 1622
"../../../Engine/Plugins/Interchange/Runtime/Content/gltf/MaterialInstances/MI_SpecularGlossiness_Blend.uexp" 1623
"../../../Engine/Plugins/Interchange/Runtime/Content/gltf/MaterialFunctions/MF_Sheen.uasset" 1624
"../../../Engine/Plugins/Interchange/Runtime/Content/gltf/MaterialFunctions/MF_Sheen.uexp" 1625
"../../../Engine/Plugins/Interchange/Runtime/Content/gltf/MaterialBodies/MF_Sheen_Body.uasset" 1626
"../../../Engine/Plugins/Interchange/Runtime/Content/gltf/MaterialBodies/MF_Sheen_Body.uexp" 1627
"../../../Engine/Plugins/Interchange/Runtime/Content/gltf/M_Sheen.uasset" 1628
"../../../Engine/Plugins/Interchange/Runtime/Content/gltf/M_Sheen.uexp" 1629
"../../../Engine/Plugins/Interchange/Runtime/Content/gltf/MaterialInstances/MI_Sheen_Opaque_DS.uasset" 1630
"../../../Engine/Plugins/Interchange/Runtime/Content/gltf/MaterialInstances/MI_Sheen_Opaque_DS.uexp" 1631
"../../../Engine/Plugins/Interchange/Runtime/Content/gltf/MaterialInstances/MI_Sheen_Opaque.uasset" 1632
"../../../Engine/Plugins/Interchange/Runtime/Content/gltf/MaterialInstances/MI_Sheen_Opaque.uexp" 1633
"../../../Engine/Plugins/Interchange/Runtime/Content/gltf/MaterialInstances/MI_Sheen_Mask_DS.uasset" 1634
"../../../Engine/Plugins/Interchange/Runtime/Content/gltf/MaterialInstances/MI_Sheen_Mask_DS.uexp" 1635
"../../../Engine/Plugins/Interchange/Runtime/Content/gltf/MaterialInstances/MI_Sheen_Mask.uasset" 1636
"../../../Engine/Plugins/Interchange/Runtime/Content/gltf/MaterialInstances/MI_Sheen_Mask.uexp" 1637
"../../../Engine/Plugins/Interchange/Runtime/Content/gltf/MaterialInstances/MI_Sheen_Blend_DS.uasset" 1638
"../../../Engine/Plugins/Interchange/Runtime/Content/gltf/MaterialInstances/MI_Sheen_Blend_DS.uexp" 1639
"../../../Engine/Plugins/Interchange/Runtime/Content/gltf/MaterialInstances/MI_Sheen_Blend.uasset" 1640
"../../../Engine/Plugins/Interchange/Runtime/Content/gltf/MaterialInstances/MI_Sheen_Blend.uexp" 1641
"../../../Engine/Plugins/Interchange/Runtime/Content/gltf/MaterialBodies/MF_Default_Body.uasset" 1642
"../../../Engine/Plugins/Interchange/Runtime/Content/gltf/MaterialBodies/MF_Default_Body.uexp" 1643
"../../../Engine/Plugins/Interchange/Runtime/Content/gltf/M_Default.uasset" 1644
"../../../Engine/Plugins/Interchange/Runtime/Content/gltf/M_Default.uexp" 1645
"../../../Engine/Plugins/Interchange/Runtime/Content/gltf/MaterialInstances/MI_Default_Opaque_DS.uasset" 1646
"../../../Engine/Plugins/Interchange/Runtime/Content/gltf/MaterialInstances/MI_Default_Opaque_DS.uexp" 1647
"../../../Engine/Plugins/Interchange/Runtime/Content/gltf/MaterialInstances/MI_Default_Opaque.uasset" 1648
"../../../Engine/Plugins/Interchange/Runtime/Content/gltf/MaterialInstances/MI_Default_Opaque.uexp" 1649
"../../../Engine/Plugins/Interchange/Runtime/Content/gltf/MaterialInstances/MI_Default_Mask_DS.uasset" 1650
"../../../Engine/Plugins/Interchange/Runtime/Content/gltf/MaterialInstances/MI_Default_Mask_DS.uexp" 1651
"../../../Engine/Plugins/Interchange/Runtime/Content/gltf/MaterialInstances/MI_Default_Mask.uasset" 1652
"../../../Engine/Plugins/Interchange/Runtime/Content/gltf/MaterialInstances/MI_Default_Mask.uexp" 1653
"../../../Engine/Plugins/Interchange/Runtime/Content/gltf/MaterialInstances/MI_Default_Blend_DS.uasset" 1654
"../../../Engine/Plugins/Interchange/Runtime/Content/gltf/MaterialInstances/MI_Default_Blend_DS.uexp" 1655
"../../../Engine/Plugins/Interchange/Runtime/Content/gltf/MaterialInstances/MI_Default_Blend.uasset" 1656
"../../../Engine/Plugins/Interchange/Runtime/Content/gltf/MaterialInstances/MI_Default_Blend.uexp" 1657
"../../../Engine/Content/Functions/Engine_MaterialFunctions01/Texturing/FlattenNormal.uasset" 1658
"../../../Engine/Content/Functions/Engine_MaterialFunctions01/Texturing/FlattenNormal.uexp" 1659
"../../../Engine/Plugins/Interchange/Runtime/Content/gltf/MaterialFunctions/MF_Clearcoat.uasset" 1660
"../../../Engine/Plugins/Interchange/Runtime/Content/gltf/MaterialFunctions/MF_Clearcoat.uexp" 1661
"../../../Engine/Plugins/Interchange/Runtime/Content/gltf/MaterialBodies/MF_ClearCoat_Body.uasset" 1662
"../../../Engine/Plugins/Interchange/Runtime/Content/gltf/MaterialBodies/MF_ClearCoat_Body.uexp" 1663
"../../../Engine/Plugins/Interchange/Runtime/Content/gltf/M_ClearCoat.uasset" 1664
"../../../Engine/Plugins/Interchange/Runtime/Content/gltf/M_ClearCoat.uexp" 1665
"../../../Engine/Plugins/Interchange/Runtime/Content/gltf/MaterialInstances/MI_ClearCoat_Opaque_DS.uasset" 1666
"../../../Engine/Plugins/Interchange/Runtime/Content/gltf/MaterialInstances/MI_ClearCoat_Opaque_DS.uexp" 1667
"../../../Engine/Plugins/Interchange/Runtime/Content/gltf/MaterialInstances/MI_ClearCoat_Opaque.uasset" 1668
"../../../Engine/Plugins/Interchange/Runtime/Content/gltf/MaterialInstances/MI_ClearCoat_Opaque.uexp" 1669
"../../../Engine/Plugins/Interchange/Runtime/Content/gltf/MaterialInstances/MI_ClearCoat_Mask_DS.uasset" 1670
"../../../Engine/Plugins/Interchange/Runtime/Content/gltf/MaterialInstances/MI_ClearCoat_Mask_DS.uexp" 1671
"../../../Engine/Plugins/Interchange/Runtime/Content/gltf/MaterialInstances/MI_ClearCoat_Mask.uasset" 1672
"../../../Engine/Plugins/Interchange/Runtime/Content/gltf/MaterialInstances/MI_ClearCoat_Mask.uexp" 1673
"../../../Engine/Plugins/Interchange/Runtime/Content/gltf/MaterialInstances/MI_ClearCoat_Blend_DS.uasset" 1674
"../../../Engine/Plugins/Interchange/Runtime/Content/gltf/MaterialInstances/MI_ClearCoat_Blend_DS.uexp" 1675
"../../../Engine/Plugins/Interchange/Runtime/Content/gltf/MaterialInstances/MI_ClearCoat_Blend.uasset" 1676
"../../../Engine/Plugins/Interchange/Runtime/Content/gltf/MaterialInstances/MI_ClearCoat_Blend.uexp" 1677
"../../../Engine/Content/EngineSky/VolumetricClouds/CloudWeatherTexture.uasset" 1678
"../../../Engine/Content/EngineSky/VolumetricClouds/CloudWeatherTexture.uexp" 1679
"../../../Engine/Content/Functions/Engine_MaterialFunctions02/Utility/MakeFloat2.uasset" 1680
"../../../Engine/Content/Functions/Engine_MaterialFunctions02/Utility/MakeFloat2.uexp" 1681
"../../../Engine/Content/EngineSky/VolumetricClouds/CloudGradientTexture.uasset" 1682
"../../../Engine/Content/EngineSky/VolumetricClouds/CloudGradientTexture.uexp" 1683
"../../../Engine/Content/EngineSky/VolumetricClouds/T_NoiseShape64.ubulk" 1684
"../../../Engine/Content/EngineSky/VolumetricClouds/T_NoiseShape64.uasset" 1685
"../../../Engine/Content/EngineSky/VolumetricClouds/T_NoiseShape64.uexp" 1686
"../../../Engine/Content/EngineSky/VolumetricClouds/T_VolumeNoiseShape64.uasset" 1687
"../../../Engine/Content/EngineSky/VolumetricClouds/T_VolumeNoiseShape64.uexp" 1688
"../../../Engine/Content/EngineSky/VolumetricClouds/T_NoiseErosion.ubulk" 1689
"../../../Engine/Content/EngineSky/VolumetricClouds/T_NoiseErosion.uasset" 1690
"../../../Engine/Content/EngineSky/VolumetricClouds/T_NoiseErosion.uexp" 1691
"../../../Engine/Content/EngineSky/VolumetricClouds/T_VolumeNoiseErosion32.uasset" 1692
"../../../Engine/Content/EngineSky/VolumetricClouds/T_VolumeNoiseErosion32.uexp" 1693
"../../../Engine/Content/EngineSky/VolumetricClouds/m_SimpleVolumetricCloud.uasset" 1694
"../../../Engine/Content/EngineSky/VolumetricClouds/m_SimpleVolumetricCloud.uexp" 1695
"../../../Engine/Content/EngineSky/VolumetricClouds/m_SimpleVolumetricCloud_Inst.uasset" 1696
"../../../Engine/Content/EngineSky/VolumetricClouds/m_SimpleVolumetricCloud_Inst.uexp" 1697
"../../../Engine/Content/EngineResources/FilmGrains/Marcie_Grain_v3_128_M2_000.uasset" 1698
"../../../Engine/Content/EngineResources/FilmGrains/Marcie_Grain_v3_128_M2_000.uexp" 1699
"../../../Engine/Content/EditorResources/SequenceRecorder/RecordingIndicator.uasset" 1700
"../../../Engine/Content/EditorResources/SequenceRecorder/RecordingIndicator.uexp" 1701
"../../../Engine/Content/EditorResources/SequenceRecorder/Countdown.uasset" 1702
"../../../Engine/Content/EditorResources/SequenceRecorder/Countdown.uexp" 1703
"../../../Engine/Content/EditorMaterials/Dataflow/DataflowVertexMaterial.uasset" 1704
"../../../Engine/Content/EditorMaterials/Dataflow/DataflowVertexMaterial.uexp" 1705
"C:/Users/Abran/9_Semestre/VR_Proyecto/BeatBoost_VR/Content/FPWeapon/Materials/MaterialLayers/T_ML_FineRubber.ubulk" 1706
"C:/Users/Abran/9_Semestre/VR_Proyecto/BeatBoost_VR/Content/FPWeapon/Materials/MaterialLayers/T_ML_FineRubber.uasset" 1707
"C:/Users/Abran/9_Semestre/VR_Proyecto/BeatBoost_VR/Content/FPWeapon/Materials/MaterialLayers/T_ML_FineRubber.uexp" 1708
"C:/Users/Abran/9_Semestre/VR_Proyecto/BeatBoost_VR/Content/Escenario/Multimedia/Imagenes/win.uasset" 1709
"C:/Users/Abran/9_Semestre/VR_Proyecto/BeatBoost_VR/Content/Escenario/Multimedia/Imagenes/win.uexp" 1710
"C:/Users/Abran/9_Semestre/VR_Proyecto/BeatBoost_VR/Content/Escenario/Multimedia/Imagenes/pose4.uasset" 1711
"C:/Users/Abran/9_Semestre/VR_Proyecto/BeatBoost_VR/Content/Escenario/Multimedia/Imagenes/pose4.uexp" 1712
"C:/Users/Abran/9_Semestre/VR_Proyecto/BeatBoost_VR/Content/Escenario/Multimedia/Imagenes/pose3.uasset" 1713
"C:/Users/Abran/9_Semestre/VR_Proyecto/BeatBoost_VR/Content/Escenario/Multimedia/Imagenes/pose3.uexp" 1714
"C:/Users/Abran/9_Semestre/VR_Proyecto/BeatBoost_VR/Content/Escenario/Multimedia/Imagenes/pose2.uasset" 1715
"C:/Users/Abran/9_Semestre/VR_Proyecto/BeatBoost_VR/Content/Escenario/Multimedia/Imagenes/pose2.uexp" 1716
"C:/Users/Abran/9_Semestre/VR_Proyecto/BeatBoost_VR/Content/Escenario/Multimedia/Imagenes/pose1.uasset" 1717
"C:/Users/Abran/9_Semestre/VR_Proyecto/BeatBoost_VR/Content/Escenario/Multimedia/Imagenes/pose1.uexp" 1718
"C:/Users/Abran/9_Semestre/VR_Proyecto/BeatBoost_VR/Content/Escenario/Multimedia/Imagenes/lose.uasset" 1719
"C:/Users/Abran/9_Semestre/VR_Proyecto/BeatBoost_VR/Content/Escenario/Multimedia/Imagenes/lose.uexp" 1720
"C:/Users/Abran/9_Semestre/VR_Proyecto/BeatBoost_VR/Content/Escenario/Multimedia/Imagenes/locoloco2.uasset" 1721
"C:/Users/Abran/9_Semestre/VR_Proyecto/BeatBoost_VR/Content/Escenario/Multimedia/Imagenes/locoloco2.uexp" 1722
"C:/Users/Abran/9_Semestre/VR_Proyecto/BeatBoost_VR/Content/Characters/MannequinsXR/Textures/Quinn/T_Quinn_02_CCRCCPlastic_MSK.ubulk" 1723
"C:/Users/Abran/9_Semestre/VR_Proyecto/BeatBoost_VR/Content/Characters/MannequinsXR/Textures/Quinn/T_Quinn_02_CCRCCPlastic_MSK.uasset" 1724
"C:/Users/Abran/9_Semestre/VR_Proyecto/BeatBoost_VR/Content/Characters/MannequinsXR/Textures/Quinn/T_Quinn_02_CCRCCPlastic_MSK.uexp" 1725
"C:/Users/Abran/9_Semestre/VR_Proyecto/BeatBoost_VR/Content/Characters/MannequinsXR/Textures/Quinn/T_Quinn_01_CCRCCPlastic_MSK.ubulk" 1726
"C:/Users/Abran/9_Semestre/VR_Proyecto/BeatBoost_VR/Content/Characters/MannequinsXR/Textures/Quinn/T_Quinn_01_CCRCCPlastic_MSK.uasset" 1727
"C:/Users/Abran/9_Semestre/VR_Proyecto/BeatBoost_VR/Content/Characters/MannequinsXR/Textures/Quinn/T_Quinn_01_CCRCCPlastic_MSK.uexp" 1728
"C:/Users/Abran/9_Semestre/VR_Proyecto/BeatBoost_VR/Content/Characters/MannequinsXR/Textures/Quinn/T_Quinn_01_ASAOMASK_MSK.ubulk" 1729
"C:/Users/Abran/9_Semestre/VR_Proyecto/BeatBoost_VR/Content/Characters/MannequinsXR/Textures/Quinn/T_Quinn_01_ASAOMASK_MSK.uasset" 1730
"C:/Users/Abran/9_Semestre/VR_Proyecto/BeatBoost_VR/Content/Characters/MannequinsXR/Textures/Quinn/T_Quinn_01_ASAOMASK_MSK.uexp" 1731
"C:/Users/Abran/9_Semestre/VR_Proyecto/BeatBoost_VR/Content/Characters/MannequinsXR/Textures/Quinn/T_Quinn_01ID_D.ubulk" 1732
"C:/Users/Abran/9_Semestre/VR_Proyecto/BeatBoost_VR/Content/Characters/MannequinsXR/Textures/Quinn/T_Quinn_01ID_D.uasset" 1733
"C:/Users/Abran/9_Semestre/VR_Proyecto/BeatBoost_VR/Content/Characters/MannequinsXR/Textures/Quinn/T_Quinn_01ID_D.uexp" 1734
"C:/Users/Abran/9_Semestre/VR_Proyecto/BeatBoost_VR/Content/Characters/MannequinsXR/Textures/Quinn/T_Quinn_01ID_MSR_MSK.ubulk" 1735
"C:/Users/Abran/9_Semestre/VR_Proyecto/BeatBoost_VR/Content/Characters/MannequinsXR/Textures/Quinn/T_Quinn_01ID_MSR_MSK.uasset" 1736
"C:/Users/Abran/9_Semestre/VR_Proyecto/BeatBoost_VR/Content/Characters/MannequinsXR/Textures/Quinn/T_Quinn_01ID_MSR_MSK.uexp" 1737
"C:/Users/Abran/9_Semestre/VR_Proyecto/BeatBoost_VR/Content/Characters/MannequinsXR/Textures/Quinn/T_Quinn_01ID_N.ubulk" 1738
"C:/Users/Abran/9_Semestre/VR_Proyecto/BeatBoost_VR/Content/Characters/MannequinsXR/Textures/Quinn/T_Quinn_01ID_N.uasset" 1739
"C:/Users/Abran/9_Semestre/VR_Proyecto/BeatBoost_VR/Content/Characters/MannequinsXR/Textures/Quinn/T_Quinn_01ID_N.uexp" 1740
"C:/Users/Abran/9_Semestre/VR_Proyecto/BeatBoost_VR/Content/Characters/MannequinsXR/Textures/Quinn/T_Quinn_01ID_BN.ubulk" 1741
"C:/Users/Abran/9_Semestre/VR_Proyecto/BeatBoost_VR/Content/Characters/MannequinsXR/Textures/Quinn/T_Quinn_01ID_BN.uasset" 1742
"C:/Users/Abran/9_Semestre/VR_Proyecto/BeatBoost_VR/Content/Characters/MannequinsXR/Textures/Quinn/T_Quinn_01ID_BN.uexp" 1743
"C:/Users/Abran/9_Semestre/VR_Proyecto/BeatBoost_VR/Content/Characters/MannequinsXR/Textures/Quinn/T_Quinn_01ID_Tan.ubulk" 1744
"C:/Users/Abran/9_Semestre/VR_Proyecto/BeatBoost_VR/Content/Characters/MannequinsXR/Textures/Quinn/T_Quinn_01ID_Tan.uasset" 1745
"C:/Users/Abran/9_Semestre/VR_Proyecto/BeatBoost_VR/Content/Characters/MannequinsXR/Textures/Quinn/T_Quinn_01ID_Tan.uexp" 1746
"C:/Users/Abran/9_Semestre/VR_Proyecto/BeatBoost_VR/Content/Characters/MannequinsXR/Materials/Instances/Quinn/MI_Quinn_01.uasset" 1747
"C:/Users/Abran/9_Semestre/VR_Proyecto/BeatBoost_VR/Content/Characters/MannequinsXR/Materials/Instances/Quinn/MI_Quinn_01.uexp" 1748
"C:/Users/Abran/9_Semestre/VR_Proyecto/BeatBoost_VR/Content/Characters/MannequinsXR/Textures/Quinn/T_Quinn_02ID_D.ubulk" 1749
"C:/Users/Abran/9_Semestre/VR_Proyecto/BeatBoost_VR/Content/Characters/MannequinsXR/Textures/Quinn/T_Quinn_02ID_D.uasset" 1750
"C:/Users/Abran/9_Semestre/VR_Proyecto/BeatBoost_VR/Content/Characters/MannequinsXR/Textures/Quinn/T_Quinn_02ID_D.uexp" 1751
"C:/Users/Abran/9_Semestre/VR_Proyecto/BeatBoost_VR/Content/Characters/MannequinsXR/Textures/Quinn/T_Quinn_02ID_MSR_MSK.ubulk" 1752
"C:/Users/Abran/9_Semestre/VR_Proyecto/BeatBoost_VR/Content/Characters/MannequinsXR/Textures/Quinn/T_Quinn_02ID_MSR_MSK.uasset" 1753
"C:/Users/Abran/9_Semestre/VR_Proyecto/BeatBoost_VR/Content/Characters/MannequinsXR/Textures/Quinn/T_Quinn_02ID_MSR_MSK.uexp" 1754
"C:/Users/Abran/9_Semestre/VR_Proyecto/BeatBoost_VR/Content/Characters/MannequinsXR/Textures/Quinn/T_Quinn_02_ASAOMASK_MSK.ubulk" 1755
"C:/Users/Abran/9_Semestre/VR_Proyecto/BeatBoost_VR/Content/Characters/MannequinsXR/Textures/Quinn/T_Quinn_02_ASAOMASK_MSK.uasset" 1756
"C:/Users/Abran/9_Semestre/VR_Proyecto/BeatBoost_VR/Content/Characters/MannequinsXR/Textures/Quinn/T_Quinn_02_ASAOMASK_MSK.uexp" 1757
"C:/Users/Abran/9_Semestre/VR_Proyecto/BeatBoost_VR/Content/Characters/MannequinsXR/Textures/Quinn/T_Quinn_02ID_N.ubulk" 1758
"C:/Users/Abran/9_Semestre/VR_Proyecto/BeatBoost_VR/Content/Characters/MannequinsXR/Textures/Quinn/T_Quinn_02ID_N.uasset" 1759
"C:/Users/Abran/9_Semestre/VR_Proyecto/BeatBoost_VR/Content/Characters/MannequinsXR/Textures/Quinn/T_Quinn_02ID_N.uexp" 1760
"C:/Users/Abran/9_Semestre/VR_Proyecto/BeatBoost_VR/Content/Characters/MannequinsXR/Textures/Quinn/T_Quinn_02ID_BN.ubulk" 1761
"C:/Users/Abran/9_Semestre/VR_Proyecto/BeatBoost_VR/Content/Characters/MannequinsXR/Textures/Quinn/T_Quinn_02ID_BN.uasset" 1762
"C:/Users/Abran/9_Semestre/VR_Proyecto/BeatBoost_VR/Content/Characters/MannequinsXR/Textures/Quinn/T_Quinn_02ID_BN.uexp" 1763
"C:/Users/Abran/9_Semestre/VR_Proyecto/BeatBoost_VR/Content/Characters/MannequinsXR/Textures/Quinn/T_Quinn_02ID_Tan.ubulk" 1764
"C:/Users/Abran/9_Semestre/VR_Proyecto/BeatBoost_VR/Content/Characters/MannequinsXR/Textures/Quinn/T_Quinn_02ID_Tan.uasset" 1765
"C:/Users/Abran/9_Semestre/VR_Proyecto/BeatBoost_VR/Content/Characters/MannequinsXR/Textures/Quinn/T_Quinn_02ID_Tan.uexp" 1766
"C:/Users/Abran/9_Semestre/VR_Proyecto/BeatBoost_VR/Content/Characters/MannequinsXR/Materials/Instances/Quinn/MI_Quinn_02.uasset" 1767
"C:/Users/Abran/9_Semestre/VR_Proyecto/BeatBoost_VR/Content/Characters/MannequinsXR/Materials/Instances/Quinn/MI_Quinn_02.uexp" 1768
"C:/Users/Abran/9_Semestre/VR_Proyecto/BeatBoost_VR/Content/Characters/MannequinsXR/Meshes/SKM_QuinnXR_right.uasset" 1769
"C:/Users/Abran/9_Semestre/VR_Proyecto/BeatBoost_VR/Content/Characters/MannequinsXR/Meshes/SKM_QuinnXR_right.uexp" 1770
"C:/Users/Abran/9_Semestre/VR_Proyecto/BeatBoost_VR/Content/Characters/MannequinsXR/Meshes/SKM_QuinnXR_left.uasset" 1771
"C:/Users/Abran/9_Semestre/VR_Proyecto/BeatBoost_VR/Content/Characters/MannequinsXR/Meshes/SKM_QuinnXR_left.uexp" 1772
"../../../Engine/Content/Functions/Engine_MaterialFunctions01/Shading/PowerToRoughness.uasset" 1773
"../../../Engine/Content/Functions/Engine_MaterialFunctions01/Shading/PowerToRoughness.uexp" 1774
"../../../Engine/Content/Functions/Engine_MaterialFunctions01/Shading/ConvertFromDiffSpec.uasset" 1775
"../../../Engine/Content/Functions/Engine_MaterialFunctions01/Shading/ConvertFromDiffSpec.uexp" 1776
"../../../Engine/Content/EngineMaterials/Substrate/Volume/SubstrateSimpleVolumeLUT3D.uasset" 1777
"../../../Engine/Content/EngineMaterials/Substrate/Volume/SubstrateSimpleVolumeLUT3D.uexp" 1778
"../../../Engine/Content/EngineMaterials/Substrate/Volume/SubstrateSimpleVolumeEnvLUT3D.uasset" 1779
"../../../Engine/Content/EngineMaterials/Substrate/Volume/SubstrateSimpleVolumeEnvLUT3D.uexp" 1780
"../../../Engine/Content/EngineMaterials/Substrate/GLints2/AGlintTex2dArray2.uasset" 1781
"../../../Engine/Content/EngineMaterials/Substrate/GLints2/AGlintTex2dArray2.uexp" 1782
"../../../Engine/Content/EngineMaterials/Substrate/GLints/AGlintTex2dArray.uasset" 1783
"../../../Engine/Content/EngineMaterials/Substrate/GLints/AGlintTex2dArray.uexp" 1784
"../../../Engine/Content/Maps/Entry_BuiltData.uasset" 1785
"../../../Engine/Content/Maps/Entry_BuiltData.uexp" 1786
"../../../Engine/Content/Maps/Entry.uexp" 1787
"../../../Engine/Content/Maps/Entry.umap" 1788
"C:/Users/Abran/9_Semestre/VR_Proyecto/BeatBoost_VR/Content/Escenario/Multimedia/Imagenes/logo12.uasset" 1789
"C:/Users/Abran/9_Semestre/VR_Proyecto/BeatBoost_VR/Content/Escenario/Multimedia/Imagenes/logo12.uexp" 1790
"C:/Users/Abran/9_Semestre/VR_Proyecto/BeatBoost_VR/Content/Escenario/Widgets/logo1.uasset" 1791
"C:/Users/Abran/9_Semestre/VR_Proyecto/BeatBoost_VR/Content/Escenario/Widgets/logo1.uexp" 1792
"C:/Users/Abran/9_Semestre/VR_Proyecto/BeatBoost_VR/Content/Escenario/Widgets/BP_LogoBarra.uasset" 1793
"C:/Users/Abran/9_Semestre/VR_Proyecto/BeatBoost_VR/Content/Escenario/Widgets/BP_LogoBarra.uexp" 1794
"C:/Users/Abran/9_Semestre/VR_Proyecto/BeatBoost_VR/Content/Escenario/Multimedia/Imagenes/1777847461450.uasset" 1795
"C:/Users/Abran/9_Semestre/VR_Proyecto/BeatBoost_VR/Content/Escenario/Multimedia/Imagenes/1777847461450.uexp" 1796
"C:/Users/Abran/9_Semestre/VR_Proyecto/BeatBoost_VR/Content/Escenario/Widgets/logo2.uasset" 1797
"C:/Users/Abran/9_Semestre/VR_Proyecto/BeatBoost_VR/Content/Escenario/Widgets/logo2.uexp" 1798
"C:/Users/Abran/9_Semestre/VR_Proyecto/BeatBoost_VR/Content/Escenario/Widgets/BP_LogoBarra1.uasset" 1799
"C:/Users/Abran/9_Semestre/VR_Proyecto/BeatBoost_VR/Content/Escenario/Widgets/BP_LogoBarra1.uexp" 1800
"../../../Engine/Content/EngineSky/C_Sky_Horizon_Color.uasset" 1801
"../../../Engine/Content/EngineSky/C_Sky_Horizon_Color.uexp" 1802
"../../../Engine/Content/EngineSky/T_Sky_Stars.ubulk" 1803
"../../../Engine/Content/EngineSky/T_Sky_Stars.uasset" 1804
"../../../Engine/Content/EngineSky/T_Sky_Stars.uexp" 1805
"../../../Engine/Content/EngineSky/T_Sky_Clouds_M.ubulk" 1806
"../../../Engine/Content/EngineSky/T_Sky_Clouds_M.uasset" 1807
"../../../Engine/Content/EngineSky/T_Sky_Clouds_M.uexp" 1808
"../../../Engine/Content/EngineSky/T_Sky_Blue.ubulk" 1809
"../../../Engine/Content/EngineSky/T_Sky_Blue.uasset" 1810
"../../../Engine/Content/EngineSky/T_Sky_Blue.uexp" 1811
"../../../Engine/Content/EngineSky/M_Sky_Panning_Clouds2.uasset" 1812
"../../../Engine/Content/EngineSky/M_Sky_Panning_Clouds2.uexp" 1813
"../../../Engine/Content/EngineSky/SM_SkySphere.ubulk" 1814
"../../../Engine/Content/EngineSky/SM_SkySphere.uasset" 1815
"../../../Engine/Content/EngineSky/SM_SkySphere.uexp" 1816
"../../../Engine/Content/EngineSky/C_Sky_Cloud_Color.uasset" 1817
"../../../Engine/Content/EngineSky/C_Sky_Cloud_Color.uexp" 1818
"../../../Engine/Content/EngineSky/C_Sky_Zenith_Color.uasset" 1819
"../../../Engine/Content/EngineSky/C_Sky_Zenith_Color.uexp" 1820
"../../../Engine/Content/EngineSky/BP_Sky_Sphere.uasset" 1821
"../../../Engine/Content/EngineSky/BP_Sky_Sphere.uexp" 1822
"C:/Users/Abran/9_Semestre/VR_Proyecto/BeatBoost_VR/Content/Escenario/Multimedia/Sonidos/Aficion.ubulk" 1823
"C:/Users/Abran/9_Semestre/VR_Proyecto/BeatBoost_VR/Content/Escenario/Multimedia/Sonidos/Aficion.uasset" 1824
"C:/Users/Abran/9_Semestre/VR_Proyecto/BeatBoost_VR/Content/Escenario/Multimedia/Sonidos/Aficion.uexp" 1825
"C:/Users/Abran/9_Semestre/VR_Proyecto/BeatBoost_VR/Content/Escenario/Multimedia/Sonidos/Ambiente.ubulk" 1826
"C:/Users/Abran/9_Semestre/VR_Proyecto/BeatBoost_VR/Content/Escenario/Multimedia/Sonidos/Ambiente.uasset" 1827
"C:/Users/Abran/9_Semestre/VR_Proyecto/BeatBoost_VR/Content/Escenario/Multimedia/Sonidos/Ambiente.uexp" 1828
"C:/Users/Abran/9_Semestre/VR_Proyecto/BeatBoost_VR/Content/VRTemplate/Blueprints/VRGameMode.uasset" 1829
"C:/Users/Abran/9_Semestre/VR_Proyecto/BeatBoost_VR/Content/VRTemplate/Blueprints/VRGameMode.uexp" 1830
"C:/Users/Abran/9_Semestre/VR_Proyecto/BeatBoost_VR/Content/VRTemplate/Maps/VRTemplateMap_BuiltData.uexp" 1831
"C:/Users/Abran/9_Semestre/VR_Proyecto/BeatBoost_VR/Content/VRTemplate/Maps/VRTemplateMap_BuiltData.ubulk" 1832
"C:/Users/Abran/9_Semestre/VR_Proyecto/BeatBoost_VR/Content/VRTemplate/Maps/VRTemplateMap_BuiltData.uasset" 1833
"C:/Users/Abran/9_Semestre/VR_Proyecto/BeatBoost_VR/Content/VRTemplate/Maps/VRTemplateMap_BuiltData.uptnl" 1834
"C:/Users/Abran/9_Semestre/VR_Proyecto/BeatBoost_VR/Content/VRTemplate/Maps/VRTemplateMap.uexp" 1835
"C:/Users/Abran/9_Semestre/VR_Proyecto/BeatBoost_VR/Content/VRTemplate/Maps/VRTemplateMap.umap" 1836
"C:/Users/Abran/9_Semestre/VR_Proyecto/BeatBoost_VR/Content/StarterContent/Textures/T_Frame_M.ubulk" 1837
"C:/Users/Abran/9_Semestre/VR_Proyecto/BeatBoost_VR/Content/StarterContent/Textures/T_Frame_M.uasset" 1838
"C:/Users/Abran/9_Semestre/VR_Proyecto/BeatBoost_VR/Content/StarterContent/Textures/T_Frame_M.uexp" 1839
"C:/Users/Abran/9_Semestre/VR_Proyecto/BeatBoost_VR/Content/StarterContent/Textures/T_Frame_N.ubulk" 1840
"C:/Users/Abran/9_Semestre/VR_Proyecto/BeatBoost_VR/Content/StarterContent/Textures/T_Frame_N.uasset" 1841
"C:/Users/Abran/9_Semestre/VR_Proyecto/BeatBoost_VR/Content/StarterContent/Textures/T_Frame_N.uexp" 1842
"C:/Users/Abran/9_Semestre/VR_Proyecto/BeatBoost_VR/Content/StarterContent/Props/Materials/M_Frame.uasset" 1843
"C:/Users/Abran/9_Semestre/VR_Proyecto/BeatBoost_VR/Content/StarterContent/Props/Materials/M_Frame.uexp" 1844
"C:/Users/Abran/9_Semestre/VR_Proyecto/BeatBoost_VR/Content/StarterContent/Props/SM_DoorFrame.ubulk" 1845
"C:/Users/Abran/9_Semestre/VR_Proyecto/BeatBoost_VR/Content/StarterContent/Props/SM_DoorFrame.uasset" 1846
"C:/Users/Abran/9_Semestre/VR_Proyecto/BeatBoost_VR/Content/StarterContent/Props/SM_DoorFrame.uexp" 1847
"C:/Users/Abran/9_Semestre/VR_Proyecto/BeatBoost_VR/Content/StarterContent/Textures/T_MacroVariation.uasset" 1848
"C:/Users/Abran/9_Semestre/VR_Proyecto/BeatBoost_VR/Content/StarterContent/Textures/T_MacroVariation.uexp" 1849
"C:/Users/Abran/9_Semestre/VR_Proyecto/BeatBoost_VR/Content/StarterContent/Materials/M_Metal_Brushed_Nickel.uasset" 1850
"C:/Users/Abran/9_Semestre/VR_Proyecto/BeatBoost_VR/Content/StarterContent/Materials/M_Metal_Brushed_Nickel.uexp" 1851
"C:/Users/Abran/9_Semestre/VR_Proyecto/BeatBoost_VR/Content/StarterContent/Textures/T_Lamp_N.ubulk" 1852
"C:/Users/Abran/9_Semestre/VR_Proyecto/BeatBoost_VR/Content/StarterContent/Textures/T_Lamp_N.uasset" 1853
"C:/Users/Abran/9_Semestre/VR_Proyecto/BeatBoost_VR/Content/StarterContent/Textures/T_Lamp_N.uexp" 1854
"C:/Users/Abran/9_Semestre/VR_Proyecto/BeatBoost_VR/Content/StarterContent/Textures/T_Lamp_M.ubulk" 1855
"C:/Users/Abran/9_Semestre/VR_Proyecto/BeatBoost_VR/Content/StarterContent/Textures/T_Lamp_M.uasset" 1856
"C:/Users/Abran/9_Semestre/VR_Proyecto/BeatBoost_VR/Content/StarterContent/Textures/T_Lamp_M.uexp" 1857
"C:/Users/Abran/9_Semestre/VR_Proyecto/BeatBoost_VR/Content/StarterContent/Props/Materials/M_Lamp.uasset" 1858
"C:/Users/Abran/9_Semestre/VR_Proyecto/BeatBoost_VR/Content/StarterContent/Props/Materials/M_Lamp.uexp" 1859
"C:/Users/Abran/9_Semestre/VR_Proyecto/BeatBoost_VR/Content/StarterContent/Props/SM_Lamp_Ceiling.ubulk" 1860
"C:/Users/Abran/9_Semestre/VR_Proyecto/BeatBoost_VR/Content/StarterContent/Props/SM_Lamp_Ceiling.uasset" 1861
"C:/Users/Abran/9_Semestre/VR_Proyecto/BeatBoost_VR/Content/StarterContent/Props/SM_Lamp_Ceiling.uexp" 1862
"C:/Users/Abran/9_Semestre/VR_Proyecto/BeatBoost_VR/Content/StarterContent/Blueprints/Blueprint_CeilingLight.uasset" 1863
"C:/Users/Abran/9_Semestre/VR_Proyecto/BeatBoost_VR/Content/StarterContent/Blueprints/Blueprint_CeilingLight.uexp" 1864
"../../../Engine/Content/Functions/Engine_MaterialFunctions03/Procedurals/ComputeFilterWidth.uasset" 1865
"../../../Engine/Content/Functions/Engine_MaterialFunctions03/Procedurals/ComputeFilterWidth.uexp" 1866
"../../../Engine/Content/EngineMaterials/AntiAliasedTextMaterialTranslucent.uasset" 1867
"../../../Engine/Content/EngineMaterials/AntiAliasedTextMaterialTranslucent.uexp" 1868
"C:/Users/Abran/9_Semestre/VR_Proyecto/BeatBoost_VR/Content/StarterContent/Architecture/Wall_Door_400x300.ubulk" 1869
"C:/Users/Abran/9_Semestre/VR_Proyecto/BeatBoost_VR/Content/StarterContent/Architecture/Wall_Door_400x300.uasset" 1870
"C:/Users/Abran/9_Semestre/VR_Proyecto/BeatBoost_VR/Content/StarterContent/Architecture/Wall_Door_400x300.uexp" 1871
"C:/Users/Abran/9_Semestre/VR_Proyecto/BeatBoost_VR/Content/StarterContent/Textures/T_Wood_Pine_D.ubulk" 1872
"C:/Users/Abran/9_Semestre/VR_Proyecto/BeatBoost_VR/Content/StarterContent/Textures/T_Wood_Pine_D.uasset" 1873
"C:/Users/Abran/9_Semestre/VR_Proyecto/BeatBoost_VR/Content/StarterContent/Textures/T_Wood_Pine_D.uexp" 1874
"C:/Users/Abran/9_Semestre/VR_Proyecto/BeatBoost_VR/Content/StarterContent/Textures/T_Wood_Pine_N.ubulk" 1875
"C:/Users/Abran/9_Semestre/VR_Proyecto/BeatBoost_VR/Content/StarterContent/Textures/T_Wood_Pine_N.uasset" 1876
"C:/Users/Abran/9_Semestre/VR_Proyecto/BeatBoost_VR/Content/StarterContent/Textures/T_Wood_Pine_N.uexp" 1877
"C:/Users/Abran/9_Semestre/VR_Proyecto/BeatBoost_VR/Content/StarterContent/Textures/T_Perlin_Noise_M.ubulk" 1878
"C:/Users/Abran/9_Semestre/VR_Proyecto/BeatBoost_VR/Content/StarterContent/Textures/T_Perlin_Noise_M.uasset" 1879
"C:/Users/Abran/9_Semestre/VR_Proyecto/BeatBoost_VR/Content/StarterContent/Textures/T_Perlin_Noise_M.uexp" 1880
"C:/Users/Abran/9_Semestre/VR_Proyecto/BeatBoost_VR/Content/StarterContent/Materials/M_Wood_Pine.uasset" 1881
"C:/Users/Abran/9_Semestre/VR_Proyecto/BeatBoost_VR/Content/StarterContent/Materials/M_Wood_Pine.uexp" 1882
"C:/Users/Abran/9_Semestre/VR_Proyecto/BeatBoost_VR/Content/StarterContent/Textures/T_Rock_Smooth_Granite_D.ubulk" 1883
"C:/Users/Abran/9_Semestre/VR_Proyecto/BeatBoost_VR/Content/StarterContent/Textures/T_Rock_Smooth_Granite_D.uasset" 1884
"C:/Users/Abran/9_Semestre/VR_Proyecto/BeatBoost_VR/Content/StarterContent/Textures/T_Rock_Smooth_Granite_D.uexp" 1885
"C:/Users/Abran/9_Semestre/VR_Proyecto/BeatBoost_VR/Content/StarterContent/Textures/T_CobbleStone_Smooth_D.ubulk" 1886
"C:/Users/Abran/9_Semestre/VR_Proyecto/BeatBoost_VR/Content/StarterContent/Textures/T_CobbleStone_Smooth_D.uasset" 1887
"C:/Users/Abran/9_Semestre/VR_Proyecto/BeatBoost_VR/Content/StarterContent/Textures/T_CobbleStone_Smooth_D.uexp" 1888
"C:/Users/Abran/9_Semestre/VR_Proyecto/BeatBoost_VR/Content/StarterContent/Textures/T_Gradinet_01.ubulk" 1889
"C:/Users/Abran/9_Semestre/VR_Proyecto/BeatBoost_VR/Content/StarterContent/Textures/T_Gradinet_01.uasset" 1890
"C:/Users/Abran/9_Semestre/VR_Proyecto/BeatBoost_VR/Content/StarterContent/Textures/T_Gradinet_01.uexp" 1891
"C:/Users/Abran/9_Semestre/VR_Proyecto/BeatBoost_VR/Content/StarterContent/Textures/T_CobbleStone_Smooth_M.ubulk" 1892
"C:/Users/Abran/9_Semestre/VR_Proyecto/BeatBoost_VR/Content/StarterContent/Textures/T_CobbleStone_Smooth_M.uasset" 1893
"C:/Users/Abran/9_Semestre/VR_Proyecto/BeatBoost_VR/Content/StarterContent/Textures/T_CobbleStone_Smooth_M.uexp" 1894
"C:/Users/Abran/9_Semestre/VR_Proyecto/BeatBoost_VR/Content/StarterContent/Textures/T_CobbleStone_Smooth_N.ubulk" 1895
"C:/Users/Abran/9_Semestre/VR_Proyecto/BeatBoost_VR/Content/StarterContent/Textures/T_CobbleStone_Smooth_N.uasset" 1896
"C:/Users/Abran/9_Semestre/VR_Proyecto/BeatBoost_VR/Content/StarterContent/Textures/T_CobbleStone_Smooth_N.uexp" 1897
"C:/Users/Abran/9_Semestre/VR_Proyecto/BeatBoost_VR/Content/StarterContent/Materials/M_CobbleStone_Smooth.uasset" 1898
"C:/Users/Abran/9_Semestre/VR_Proyecto/BeatBoost_VR/Content/StarterContent/Materials/M_CobbleStone_Smooth.uexp" 1899
"C:/Users/Abran/9_Semestre/VR_Proyecto/BeatBoost_VR/Content/StarterContent/Textures/T_Rock_Basalt_N.ubulk" 1900
"C:/Users/Abran/9_Semestre/VR_Proyecto/BeatBoost_VR/Content/StarterContent/Textures/T_Rock_Basalt_N.uasset" 1901
"C:/Users/Abran/9_Semestre/VR_Proyecto/BeatBoost_VR/Content/StarterContent/Textures/T_Rock_Basalt_N.uexp" 1902
"C:/Users/Abran/9_Semestre/VR_Proyecto/BeatBoost_VR/Content/StarterContent/Materials/M_Rock_Basalt.uasset" 1903
"C:/Users/Abran/9_Semestre/VR_Proyecto/BeatBoost_VR/Content/StarterContent/Materials/M_Rock_Basalt.uexp" 1904
"C:/Users/Abran/9_Semestre/VR_Proyecto/BeatBoost_VR/Content/StarterContent/Shapes/Shape_Cube.ubulk" 1905
"C:/Users/Abran/9_Semestre/VR_Proyecto/BeatBoost_VR/Content/StarterContent/Shapes/Shape_Cube.uasset" 1906
"C:/Users/Abran/9_Semestre/VR_Proyecto/BeatBoost_VR/Content/StarterContent/Shapes/Shape_Cube.uexp" 1907
"C:/Users/Abran/9_Semestre/VR_Proyecto/BeatBoost_VR/Content/StarterContent/Textures/T_Concrete_Tiles_Variation_M.ubulk" 1908
"C:/Users/Abran/9_Semestre/VR_Proyecto/BeatBoost_VR/Content/StarterContent/Textures/T_Concrete_Tiles_Variation_M.uasset" 1909
"C:/Users/Abran/9_Semestre/VR_Proyecto/BeatBoost_VR/Content/StarterContent/Textures/T_Concrete_Tiles_Variation_M.uexp" 1910
"C:/Users/Abran/9_Semestre/VR_Proyecto/BeatBoost_VR/Content/StarterContent/Textures/T_Concrete_Tiles_D.ubulk" 1911
"C:/Users/Abran/9_Semestre/VR_Proyecto/BeatBoost_VR/Content/StarterContent/Textures/T_Concrete_Tiles_D.uasset" 1912
"C:/Users/Abran/9_Semestre/VR_Proyecto/BeatBoost_VR/Content/StarterContent/Textures/T_Concrete_Tiles_D.uexp" 1913
"C:/Users/Abran/9_Semestre/VR_Proyecto/BeatBoost_VR/Content/StarterContent/Textures/T_Concrete_Tiles_M.ubulk" 1914
"C:/Users/Abran/9_Semestre/VR_Proyecto/BeatBoost_VR/Content/StarterContent/Textures/T_Concrete_Tiles_M.uasset" 1915
"C:/Users/Abran/9_Semestre/VR_Proyecto/BeatBoost_VR/Content/StarterContent/Textures/T_Concrete_Tiles_M.uexp" 1916
"C:/Users/Abran/9_Semestre/VR_Proyecto/BeatBoost_VR/Content/StarterContent/Textures/T_Concrete_Tiles_N.ubulk" 1917
"C:/Users/Abran/9_Semestre/VR_Proyecto/BeatBoost_VR/Content/StarterContent/Textures/T_Concrete_Tiles_N.uasset" 1918
"C:/Users/Abran/9_Semestre/VR_Proyecto/BeatBoost_VR/Content/StarterContent/Textures/T_Concrete_Tiles_N.uexp" 1919
"C:/Users/Abran/9_Semestre/VR_Proyecto/BeatBoost_VR/Content/StarterContent/Materials/M_Concrete_Tiles.uasset" 1920
"C:/Users/Abran/9_Semestre/VR_Proyecto/BeatBoost_VR/Content/StarterContent/Materials/M_Concrete_Tiles.uexp" 1921
"C:/Users/Abran/9_Semestre/VR_Proyecto/BeatBoost_VR/Content/StarterContent/Props/MaterialSphere.ubulk" 1922
"C:/Users/Abran/9_Semestre/VR_Proyecto/BeatBoost_VR/Content/StarterContent/Props/MaterialSphere.uasset" 1923
"C:/Users/Abran/9_Semestre/VR_Proyecto/BeatBoost_VR/Content/StarterContent/Props/MaterialSphere.uexp" 1924
"C:/Users/Abran/9_Semestre/VR_Proyecto/BeatBoost_VR/Content/StarterContent/Textures/T_Metal_Rust_N.ubulk" 1925
"C:/Users/Abran/9_Semestre/VR_Proyecto/BeatBoost_VR/Content/StarterContent/Textures/T_Metal_Rust_N.uasset" 1926
"C:/Users/Abran/9_Semestre/VR_Proyecto/BeatBoost_VR/Content/StarterContent/Textures/T_Metal_Rust_N.uexp" 1927
"C:/Users/Abran/9_Semestre/VR_Proyecto/BeatBoost_VR/Content/StarterContent/Textures/T_Metal_Rust_D.ubulk" 1928
"C:/Users/Abran/9_Semestre/VR_Proyecto/BeatBoost_VR/Content/StarterContent/Textures/T_Metal_Rust_D.uasset" 1929
"C:/Users/Abran/9_Semestre/VR_Proyecto/BeatBoost_VR/Content/StarterContent/Textures/T_Metal_Rust_D.uexp" 1930
"C:/Users/Abran/9_Semestre/VR_Proyecto/BeatBoost_VR/Content/StarterContent/Materials/M_Metal_Rust.uasset" 1931
"C:/Users/Abran/9_Semestre/VR_Proyecto/BeatBoost_VR/Content/StarterContent/Materials/M_Metal_Rust.uexp" 1932
"C:/Users/Abran/9_Semestre/VR_Proyecto/BeatBoost_VR/Content/StarterContent/Textures/T_Rock_Slate_D.ubulk" 1933
"C:/Users/Abran/9_Semestre/VR_Proyecto/BeatBoost_VR/Content/StarterContent/Textures/T_Rock_Slate_D.uasset" 1934
"C:/Users/Abran/9_Semestre/VR_Proyecto/BeatBoost_VR/Content/StarterContent/Textures/T_Rock_Slate_D.uexp" 1935
"C:/Users/Abran/9_Semestre/VR_Proyecto/BeatBoost_VR/Content/StarterContent/Textures/T_Rock_Slate_N.ubulk" 1936
"C:/Users/Abran/9_Semestre/VR_Proyecto/BeatBoost_VR/Content/StarterContent/Textures/T_Rock_Slate_N.uasset" 1937
"C:/Users/Abran/9_Semestre/VR_Proyecto/BeatBoost_VR/Content/StarterContent/Textures/T_Rock_Slate_N.uexp" 1938
"C:/Users/Abran/9_Semestre/VR_Proyecto/BeatBoost_VR/Content/StarterContent/Materials/M_Rock_Slate.uasset" 1939
"C:/Users/Abran/9_Semestre/VR_Proyecto/BeatBoost_VR/Content/StarterContent/Materials/M_Rock_Slate.uexp" 1940
"C:/Users/Abran/9_Semestre/VR_Proyecto/BeatBoost_VR/Content/StarterContent/Textures/T_Concrete_Poured_D.ubulk" 1941
"C:/Users/Abran/9_Semestre/VR_Proyecto/BeatBoost_VR/Content/StarterContent/Textures/T_Concrete_Poured_D.uasset" 1942
"C:/Users/Abran/9_Semestre/VR_Proyecto/BeatBoost_VR/Content/StarterContent/Textures/T_Concrete_Poured_D.uexp" 1943
"C:/Users/Abran/9_Semestre/VR_Proyecto/BeatBoost_VR/Content/StarterContent/Textures/T_Concrete_Poured_N.ubulk" 1944
"C:/Users/Abran/9_Semestre/VR_Proyecto/BeatBoost_VR/Content/StarterContent/Textures/T_Concrete_Poured_N.uasset" 1945
"C:/Users/Abran/9_Semestre/VR_Proyecto/BeatBoost_VR/Content/StarterContent/Textures/T_Concrete_Poured_N.uexp" 1946
"C:/Users/Abran/9_Semestre/VR_Proyecto/BeatBoost_VR/Content/StarterContent/Materials/M_Concrete_Poured.uasset" 1947
"C:/Users/Abran/9_Semestre/VR_Proyecto/BeatBoost_VR/Content/StarterContent/Materials/M_Concrete_Poured.uexp" 1948
"C:/Users/Abran/9_Semestre/VR_Proyecto/BeatBoost_VR/Content/StarterContent/Textures/T_Brick_Clay_Beveled_M.ubulk" 1949
"C:/Users/Abran/9_Semestre/VR_Proyecto/BeatBoost_VR/Content/StarterContent/Textures/T_Brick_Clay_Beveled_M.uasset" 1950
"C:/Users/Abran/9_Semestre/VR_Proyecto/BeatBoost_VR/Content/StarterContent/Textures/T_Brick_Clay_Beveled_M.uexp" 1951
"C:/Users/Abran/9_Semestre/VR_Proyecto/BeatBoost_VR/Content/StarterContent/Textures/T_Brick_Clay_Beveled_N.ubulk" 1952
"C:/Users/Abran/9_Semestre/VR_Proyecto/BeatBoost_VR/Content/StarterContent/Textures/T_Brick_Clay_Beveled_N.uasset" 1953
"C:/Users/Abran/9_Semestre/VR_Proyecto/BeatBoost_VR/Content/StarterContent/Textures/T_Brick_Clay_Beveled_N.uexp" 1954
"C:/Users/Abran/9_Semestre/VR_Proyecto/BeatBoost_VR/Content/StarterContent/Textures/T_Brick_Clay_Beveled_D.ubulk" 1955
"C:/Users/Abran/9_Semestre/VR_Proyecto/BeatBoost_VR/Content/StarterContent/Textures/T_Brick_Clay_Beveled_D.uasset" 1956
"C:/Users/Abran/9_Semestre/VR_Proyecto/BeatBoost_VR/Content/StarterContent/Textures/T_Brick_Clay_Beveled_D.uexp" 1957
"C:/Users/Abran/9_Semestre/VR_Proyecto/BeatBoost_VR/Content/StarterContent/Materials/M_Brick_Clay_Beveled.uasset" 1958
"C:/Users/Abran/9_Semestre/VR_Proyecto/BeatBoost_VR/Content/StarterContent/Materials/M_Brick_Clay_Beveled.uexp" 1959
"C:/Users/Abran/9_Semestre/VR_Proyecto/BeatBoost_VR/Content/StarterContent/Textures/T_Tech_Hex_Tile_M.ubulk" 1960
"C:/Users/Abran/9_Semestre/VR_Proyecto/BeatBoost_VR/Content/StarterContent/Textures/T_Tech_Hex_Tile_M.uasset" 1961
"C:/Users/Abran/9_Semestre/VR_Proyecto/BeatBoost_VR/Content/StarterContent/Textures/T_Tech_Hex_Tile_M.uexp" 1962
"C:/Users/Abran/9_Semestre/VR_Proyecto/BeatBoost_VR/Content/StarterContent/Textures/T_Tech_Hex_Tile_N.ubulk" 1963
"C:/Users/Abran/9_Semestre/VR_Proyecto/BeatBoost_VR/Content/StarterContent/Textures/T_Tech_Hex_Tile_N.uasset" 1964
"C:/Users/Abran/9_Semestre/VR_Proyecto/BeatBoost_VR/Content/StarterContent/Textures/T_Tech_Hex_Tile_N.uexp" 1965
"C:/Users/Abran/9_Semestre/VR_Proyecto/BeatBoost_VR/Content/StarterContent/Materials/M_Tech_Hex_Tile.uasset" 1966
"C:/Users/Abran/9_Semestre/VR_Proyecto/BeatBoost_VR/Content/StarterContent/Materials/M_Tech_Hex_Tile.uexp" 1967
"../../../Engine/Content/Functions/Engine_MaterialFunctions01/Opacity/AlphaOffset.uasset" 1968
"../../../Engine/Content/Functions/Engine_MaterialFunctions01/Opacity/AlphaOffset.uexp" 1969
"C:/Users/Abran/9_Semestre/VR_Proyecto/BeatBoost_VR/Content/StarterContent/Textures/T_Wood_Floor_Walnut_M.ubulk" 1970
"C:/Users/Abran/9_Semestre/VR_Proyecto/BeatBoost_VR/Content/StarterContent/Textures/T_Wood_Floor_Walnut_M.uasset" 1971
"C:/Users/Abran/9_Semestre/VR_Proyecto/BeatBoost_VR/Content/StarterContent/Textures/T_Wood_Floor_Walnut_M.uexp" 1972
"C:/Users/Abran/9_Semestre/VR_Proyecto/BeatBoost_VR/Content/StarterContent/Textures/T_Wood_Floor_Walnut_D.ubulk" 1973
"C:/Users/Abran/9_Semestre/VR_Proyecto/BeatBoost_VR/Content/StarterContent/Textures/T_Wood_Floor_Walnut_D.uasset" 1974
"C:/Users/Abran/9_Semestre/VR_Proyecto/BeatBoost_VR/Content/StarterContent/Textures/T_Wood_Floor_Walnut_D.uexp" 1975
"C:/Users/Abran/9_Semestre/VR_Proyecto/BeatBoost_VR/Content/StarterContent/Textures/T_Wood_Floor_Walnut_N.ubulk" 1976
"C:/Users/Abran/9_Semestre/VR_Proyecto/BeatBoost_VR/Content/StarterContent/Textures/T_Wood_Floor_Walnut_N.uasset" 1977
"C:/Users/Abran/9_Semestre/VR_Proyecto/BeatBoost_VR/Content/StarterContent/Textures/T_Wood_Floor_Walnut_N.uexp" 1978
"C:/Users/Abran/9_Semestre/VR_Proyecto/BeatBoost_VR/Content/StarterContent/Materials/M_Wood_Floor_Walnut_Worn.uasset" 1979
"C:/Users/Abran/9_Semestre/VR_Proyecto/BeatBoost_VR/Content/StarterContent/Materials/M_Wood_Floor_Walnut_Worn.uexp" 1980
"C:/Users/Abran/9_Semestre/VR_Proyecto/BeatBoost_VR/Content/StarterContent/Textures/T_Ground_Gravel_N.ubulk" 1981
"C:/Users/Abran/9_Semestre/VR_Proyecto/BeatBoost_VR/Content/StarterContent/Textures/T_Ground_Gravel_N.uasset" 1982
"C:/Users/Abran/9_Semestre/VR_Proyecto/BeatBoost_VR/Content/StarterContent/Textures/T_Ground_Gravel_N.uexp" 1983
"C:/Users/Abran/9_Semestre/VR_Proyecto/BeatBoost_VR/Content/StarterContent/Textures/T_Ground_Gravel_D.ubulk" 1984
"C:/Users/Abran/9_Semestre/VR_Proyecto/BeatBoost_VR/Content/StarterContent/Textures/T_Ground_Gravel_D.uasset" 1985
"C:/Users/Abran/9_Semestre/VR_Proyecto/BeatBoost_VR/Content/StarterContent/Textures/T_Ground_Gravel_D.uexp" 1986
"C:/Users/Abran/9_Semestre/VR_Proyecto/BeatBoost_VR/Content/StarterContent/Materials/M_Ground_Gravel.uasset" 1987
"C:/Users/Abran/9_Semestre/VR_Proyecto/BeatBoost_VR/Content/StarterContent/Materials/M_Ground_Gravel.uexp" 1988
"C:/Users/Abran/9_Semestre/VR_Proyecto/BeatBoost_VR/Content/StarterContent/Audio/Steam01_Cue.uasset" 1989
"C:/Users/Abran/9_Semestre/VR_Proyecto/BeatBoost_VR/Content/StarterContent/Audio/Steam01_Cue.uexp" 1990
"C:/Users/Abran/9_Semestre/VR_Proyecto/BeatBoost_VR/Content/StarterContent/Particles/P_Steam_Lit.uasset" 1991
"C:/Users/Abran/9_Semestre/VR_Proyecto/BeatBoost_VR/Content/StarterContent/Particles/P_Steam_Lit.uexp" 1992
"C:/Users/Abran/9_Semestre/VR_Proyecto/BeatBoost_VR/Content/StarterContent/Blueprints/Blueprint_Effect_Steam.uasset" 1993
"C:/Users/Abran/9_Semestre/VR_Proyecto/BeatBoost_VR/Content/StarterContent/Blueprints/Blueprint_Effect_Steam.uexp" 1994
"C:/Users/Abran/9_Semestre/VR_Proyecto/BeatBoost_VR/Content/StarterContent/Audio/Fire_Sparks01_Cue.uasset" 1995
"C:/Users/Abran/9_Semestre/VR_Proyecto/BeatBoost_VR/Content/StarterContent/Audio/Fire_Sparks01_Cue.uexp" 1996
"C:/Users/Abran/9_Semestre/VR_Proyecto/BeatBoost_VR/Content/StarterContent/Textures/T_Spark_Core.ubulk" 1997
"C:/Users/Abran/9_Semestre/VR_Proyecto/BeatBoost_VR/Content/StarterContent/Textures/T_Spark_Core.uasset" 1998
"C:/Users/Abran/9_Semestre/VR_Proyecto/BeatBoost_VR/Content/StarterContent/Textures/T_Spark_Core.uexp" 1999
"C:/Users/Abran/9_Semestre/VR_Proyecto/BeatBoost_VR/Content/StarterContent/Particles/Materials/M_Spark.uasset" 2000
"C:/Users/Abran/9_Semestre/VR_Proyecto/BeatBoost_VR/Content/StarterContent/Particles/Materials/M_Spark.uexp" 2001
"C:/Users/Abran/9_Semestre/VR_Proyecto/BeatBoost_VR/Content/StarterContent/Particles/Materials/M_Radial_Gradient.uasset" 2002
"C:/Users/Abran/9_Semestre/VR_Proyecto/BeatBoost_VR/Content/StarterContent/Particles/Materials/M_Radial_Gradient.uexp" 2003
"C:/Users/Abran/9_Semestre/VR_Proyecto/BeatBoost_VR/Content/StarterContent/Particles/P_Sparks.uasset" 2004
"C:/Users/Abran/9_Semestre/VR_Proyecto/BeatBoost_VR/Content/StarterContent/Particles/P_Sparks.uexp" 2005
"C:/Users/Abran/9_Semestre/VR_Proyecto/BeatBoost_VR/Content/StarterContent/Blueprints/Blueprint_Effect_Sparks.uasset" 2006
"C:/Users/Abran/9_Semestre/VR_Proyecto/BeatBoost_VR/Content/StarterContent/Blueprints/Blueprint_Effect_Sparks.uexp" 2007
"C:/Users/Abran/9_Semestre/VR_Proyecto/BeatBoost_VR/Content/StarterContent/Textures/T_Water_N.ubulk" 2008
"C:/Users/Abran/9_Semestre/VR_Proyecto/BeatBoost_VR/Content/StarterContent/Textures/T_Water_N.uasset" 2009
"C:/Users/Abran/9_Semestre/VR_Proyecto/BeatBoost_VR/Content/StarterContent/Textures/T_Water_N.uexp" 2010
"C:/Users/Abran/9_Semestre/VR_Proyecto/BeatBoost_VR/Content/StarterContent/Materials/M_Water_Lake.uasset" 2011
"C:/Users/Abran/9_Semestre/VR_Proyecto/BeatBoost_VR/Content/StarterContent/Materials/M_Water_Lake.uexp" 2012
"C:/Users/Abran/9_Semestre/VR_Proyecto/BeatBoost_VR/Content/StarterContent/Architecture/Wall_400x200.ubulk" 2013
"C:/Users/Abran/9_Semestre/VR_Proyecto/BeatBoost_VR/Content/StarterContent/Architecture/Wall_400x200.uasset" 2014
"C:/Users/Abran/9_Semestre/VR_Proyecto/BeatBoost_VR/Content/StarterContent/Architecture/Wall_400x200.uexp" 2015
"C:/Users/Abran/9_Semestre/VR_Proyecto/BeatBoost_VR/Content/StarterContent/Textures/T_Checker_Noise_M.ubulk" 2016
"C:/Users/Abran/9_Semestre/VR_Proyecto/BeatBoost_VR/Content/StarterContent/Textures/T_Checker_Noise_M.uasset" 2017
"C:/Users/Abran/9_Semestre/VR_Proyecto/BeatBoost_VR/Content/StarterContent/Textures/T_Checker_Noise_M.uexp" 2018
"C:/Users/Abran/9_Semestre/VR_Proyecto/BeatBoost_VR/Content/StarterContent/Textures/T_Tech_Dot_M.ubulk" 2019
"C:/Users/Abran/9_Semestre/VR_Proyecto/BeatBoost_VR/Content/StarterContent/Textures/T_Tech_Dot_M.uasset" 2020
"C:/Users/Abran/9_Semestre/VR_Proyecto/BeatBoost_VR/Content/StarterContent/Textures/T_Tech_Dot_M.uexp" 2021
"C:/Users/Abran/9_Semestre/VR_Proyecto/BeatBoost_VR/Content/StarterContent/Textures/T_Tech_Dot_N.ubulk" 2022
"C:/Users/Abran/9_Semestre/VR_Proyecto/BeatBoost_VR/Content/StarterContent/Textures/T_Tech_Dot_N.uasset" 2023
"C:/Users/Abran/9_Semestre/VR_Proyecto/BeatBoost_VR/Content/StarterContent/Textures/T_Tech_Dot_N.uexp" 2024
"C:/Users/Abran/9_Semestre/VR_Proyecto/BeatBoost_VR/Content/StarterContent/Textures/T_Single_Tile_N.ubulk" 2025
"C:/Users/Abran/9_Semestre/VR_Proyecto/BeatBoost_VR/Content/StarterContent/Textures/T_Single_Tile_N.uasset" 2026
"C:/Users/Abran/9_Semestre/VR_Proyecto/BeatBoost_VR/Content/StarterContent/Textures/T_Single_Tile_N.uexp" 2027
"C:/Users/Abran/9_Semestre/VR_Proyecto/BeatBoost_VR/Content/StarterContent/Materials/M_Tech_Checker_Dot.uasset" 2028
"C:/Users/Abran/9_Semestre/VR_Proyecto/BeatBoost_VR/Content/StarterContent/Materials/M_Tech_Checker_Dot.uexp" 2029
"C:/Users/Abran/9_Semestre/VR_Proyecto/BeatBoost_VR/Content/StarterContent/Architecture/Floor_400x400.ubulk" 2030
"C:/Users/Abran/9_Semestre/VR_Proyecto/BeatBoost_VR/Content/StarterContent/Architecture/Floor_400x400.uasset" 2031
"C:/Users/Abran/9_Semestre/VR_Proyecto/BeatBoost_VR/Content/StarterContent/Architecture/Floor_400x400.uexp" 2032
"C:/Users/Abran/9_Semestre/VR_Proyecto/BeatBoost_VR/Content/StarterContent/Props/SM_GlassWindow.ubulk" 2033
"C:/Users/Abran/9_Semestre/VR_Proyecto/BeatBoost_VR/Content/StarterContent/Props/SM_GlassWindow.uasset" 2034
"C:/Users/Abran/9_Semestre/VR_Proyecto/BeatBoost_VR/Content/StarterContent/Props/SM_GlassWindow.uexp" 2035
"C:/Users/Abran/9_Semestre/VR_Proyecto/BeatBoost_VR/Content/StarterContent/Textures/T_Metal_Gold_N.ubulk" 2036
"C:/Users/Abran/9_Semestre/VR_Proyecto/BeatBoost_VR/Content/StarterContent/Textures/T_Metal_Gold_N.uasset" 2037
"C:/Users/Abran/9_Semestre/VR_Proyecto/BeatBoost_VR/Content/StarterContent/Textures/T_Metal_Gold_N.uexp" 2038
"C:/Users/Abran/9_Semestre/VR_Proyecto/BeatBoost_VR/Content/StarterContent/Textures/T_Rock_Marble_Polished_D.ubulk" 2039
"C:/Users/Abran/9_Semestre/VR_Proyecto/BeatBoost_VR/Content/StarterContent/Textures/T_Rock_Marble_Polished_D.uasset" 2040
"C:/Users/Abran/9_Semestre/VR_Proyecto/BeatBoost_VR/Content/StarterContent/Textures/T_Rock_Marble_Polished_D.uexp" 2041
"C:/Users/Abran/9_Semestre/VR_Proyecto/BeatBoost_VR/Content/StarterContent/Materials/M_Rock_Marble_Polished.uasset" 2042
"C:/Users/Abran/9_Semestre/VR_Proyecto/BeatBoost_VR/Content/StarterContent/Materials/M_Rock_Marble_Polished.uexp" 2043
"C:/Users/Abran/9_Semestre/VR_Proyecto/BeatBoost_VR/Content/StarterContent/Textures/T_Concrete_Grime_D.ubulk" 2044
"C:/Users/Abran/9_Semestre/VR_Proyecto/BeatBoost_VR/Content/StarterContent/Textures/T_Concrete_Grime_D.uasset" 2045
"C:/Users/Abran/9_Semestre/VR_Proyecto/BeatBoost_VR/Content/StarterContent/Textures/T_Concrete_Grime_D.uexp" 2046
"C:/Users/Abran/9_Semestre/VR_Proyecto/BeatBoost_VR/Content/StarterContent/Materials/M_Concrete_Grime.uasset" 2047
"C:/Users/Abran/9_Semestre/VR_Proyecto/BeatBoost_VR/Content/StarterContent/Materials/M_Concrete_Grime.uexp" 2048
"C:/Users/Abran/9_Semestre/VR_Proyecto/BeatBoost_VR/Content/StarterContent/Textures/T_Ceramic_Tile_M.ubulk" 2049
"C:/Users/Abran/9_Semestre/VR_Proyecto/BeatBoost_VR/Content/StarterContent/Textures/T_Ceramic_Tile_M.uasset" 2050
"C:/Users/Abran/9_Semestre/VR_Proyecto/BeatBoost_VR/Content/StarterContent/Textures/T_Ceramic_Tile_M.uexp" 2051
"C:/Users/Abran/9_Semestre/VR_Proyecto/BeatBoost_VR/Content/StarterContent/Textures/T_Ceramic_Tile_N.ubulk" 2052
"C:/Users/Abran/9_Semestre/VR_Proyecto/BeatBoost_VR/Content/StarterContent/Textures/T_Ceramic_Tile_N.uasset" 2053
"C:/Users/Abran/9_Semestre/VR_Proyecto/BeatBoost_VR/Content/StarterContent/Textures/T_Ceramic_Tile_N.uexp" 2054
"C:/Users/Abran/9_Semestre/VR_Proyecto/BeatBoost_VR/Content/StarterContent/Materials/M_Ceramic_Tile_Checker.uasset" 2055
"C:/Users/Abran/9_Semestre/VR_Proyecto/BeatBoost_VR/Content/StarterContent/Materials/M_Ceramic_Tile_Checker.uexp" 2056
"C:/Users/Abran/9_Semestre/VR_Proyecto/BeatBoost_VR/Content/StarterContent/Textures/T_Rock_Sandstone_N.ubulk" 2057
"C:/Users/Abran/9_Semestre/VR_Proyecto/BeatBoost_VR/Content/StarterContent/Textures/T_Rock_Sandstone_N.uasset" 2058
"C:/Users/Abran/9_Semestre/VR_Proyecto/BeatBoost_VR/Content/StarterContent/Textures/T_Rock_Sandstone_N.uexp" 2059
"C:/Users/Abran/9_Semestre/VR_Proyecto/BeatBoost_VR/Content/StarterContent/Textures/T_Rock_Sandstone_D.ubulk" 2060
"C:/Users/Abran/9_Semestre/VR_Proyecto/BeatBoost_VR/Content/StarterContent/Textures/T_Rock_Sandstone_D.uasset" 2061
"C:/Users/Abran/9_Semestre/VR_Proyecto/BeatBoost_VR/Content/StarterContent/Textures/T_Rock_Sandstone_D.uexp" 2062
"C:/Users/Abran/9_Semestre/VR_Proyecto/BeatBoost_VR/Content/StarterContent/Materials/M_Rock_Sandstone.uasset" 2063
"C:/Users/Abran/9_Semestre/VR_Proyecto/BeatBoost_VR/Content/StarterContent/Materials/M_Rock_Sandstone.uexp" 2064
"C:/Users/Abran/9_Semestre/VR_Proyecto/BeatBoost_VR/Content/StarterContent/Textures/T_Wood_Walnut_N.ubulk" 2065
"C:/Users/Abran/9_Semestre/VR_Proyecto/BeatBoost_VR/Content/StarterContent/Textures/T_Wood_Walnut_N.uasset" 2066
"C:/Users/Abran/9_Semestre/VR_Proyecto/BeatBoost_VR/Content/StarterContent/Textures/T_Wood_Walnut_N.uexp" 2067
"C:/Users/Abran/9_Semestre/VR_Proyecto/BeatBoost_VR/Content/StarterContent/Textures/T_Wood_Walnut_D.ubulk" 2068
"C:/Users/Abran/9_Semestre/VR_Proyecto/BeatBoost_VR/Content/StarterContent/Textures/T_Wood_Walnut_D.uasset" 2069
"C:/Users/Abran/9_Semestre/VR_Proyecto/BeatBoost_VR/Content/StarterContent/Textures/T_Wood_Walnut_D.uexp" 2070
"C:/Users/Abran/9_Semestre/VR_Proyecto/BeatBoost_VR/Content/StarterContent/Materials/M_Wood_Walnut.uasset" 2071
"C:/Users/Abran/9_Semestre/VR_Proyecto/BeatBoost_VR/Content/StarterContent/Materials/M_Wood_Walnut.uexp" 2072
"C:/Users/Abran/9_Semestre/VR_Proyecto/BeatBoost_VR/Content/StarterContent/Audio/Collapse_Cue.uasset" 2073
"C:/Users/Abran/9_Semestre/VR_Proyecto/BeatBoost_VR/Content/StarterContent/Audio/Collapse_Cue.uexp" 2074
"C:/Users/Abran/9_Semestre/VR_Proyecto/BeatBoost_VR/Content/StarterContent/Textures/T_Brick_Cut_Stone_N.ubulk" 2075
"C:/Users/Abran/9_Semestre/VR_Proyecto/BeatBoost_VR/Content/StarterContent/Textures/T_Brick_Cut_Stone_N.uasset" 2076
"C:/Users/Abran/9_Semestre/VR_Proyecto/BeatBoost_VR/Content/StarterContent/Textures/T_Brick_Cut_Stone_N.uexp" 2077
"C:/Users/Abran/9_Semestre/VR_Proyecto/BeatBoost_VR/Content/StarterContent/Textures/T_Brick_Cut_Stone_D.ubulk" 2078
"C:/Users/Abran/9_Semestre/VR_Proyecto/BeatBoost_VR/Content/StarterContent/Textures/T_Brick_Cut_Stone_D.uasset" 2079
"C:/Users/Abran/9_Semestre/VR_Proyecto/BeatBoost_VR/Content/StarterContent/Textures/T_Brick_Cut_Stone_D.uexp" 2080
"C:/Users/Abran/9_Semestre/VR_Proyecto/BeatBoost_VR/Content/StarterContent/Materials/M_Brick_Cut_Stone.uasset" 2081
"C:/Users/Abran/9_Semestre/VR_Proyecto/BeatBoost_VR/Content/StarterContent/Materials/M_Brick_Cut_Stone.uexp" 2082
"C:/Users/Abran/9_Semestre/VR_Proyecto/BeatBoost_VR/Content/StarterContent/Textures/T_Dust_Particle_D.ubulk" 2083
"C:/Users/Abran/9_Semestre/VR_Proyecto/BeatBoost_VR/Content/StarterContent/Textures/T_Dust_Particle_D.uasset" 2084
"C:/Users/Abran/9_Semestre/VR_Proyecto/BeatBoost_VR/Content/StarterContent/Textures/T_Dust_Particle_D.uexp" 2085
"C:/Users/Abran/9_Semestre/VR_Proyecto/BeatBoost_VR/Content/StarterContent/Particles/Materials/M_Dust_Particle.uasset" 2086
"C:/Users/Abran/9_Semestre/VR_Proyecto/BeatBoost_VR/Content/StarterContent/Particles/Materials/M_Dust_Particle.uexp" 2087
"C:/Users/Abran/9_Semestre/VR_Proyecto/BeatBoost_VR/Content/StarterContent/Particles/P_Ambient_Dust.uasset" 2088
"C:/Users/Abran/9_Semestre/VR_Proyecto/BeatBoost_VR/Content/StarterContent/Particles/P_Ambient_Dust.uexp" 2089
"C:/Users/Abran/9_Semestre/VR_Proyecto/BeatBoost_VR/Content/StarterContent/Props/SM_WindowFrame.ubulk" 2090
"C:/Users/Abran/9_Semestre/VR_Proyecto/BeatBoost_VR/Content/StarterContent/Props/SM_WindowFrame.uasset" 2091
"C:/Users/Abran/9_Semestre/VR_Proyecto/BeatBoost_VR/Content/StarterContent/Props/SM_WindowFrame.uexp" 2092
"C:/Users/Abran/9_Semestre/VR_Proyecto/BeatBoost_VR/Content/StarterContent/Textures/T_Metal_Copper_D.ubulk" 2093
"C:/Users/Abran/9_Semestre/VR_Proyecto/BeatBoost_VR/Content/StarterContent/Textures/T_Metal_Copper_D.uasset" 2094
"C:/Users/Abran/9_Semestre/VR_Proyecto/BeatBoost_VR/Content/StarterContent/Textures/T_Metal_Copper_D.uexp" 2095
"C:/Users/Abran/9_Semestre/VR_Proyecto/BeatBoost_VR/Content/StarterContent/Materials/M_Metal_Copper.uasset" 2096
"C:/Users/Abran/9_Semestre/VR_Proyecto/BeatBoost_VR/Content/StarterContent/Materials/M_Metal_Copper.uexp" 2097
"C:/Users/Abran/9_Semestre/VR_Proyecto/BeatBoost_VR/Content/StarterContent/Textures/T_Water_M.ubulk" 2098
"C:/Users/Abran/9_Semestre/VR_Proyecto/BeatBoost_VR/Content/StarterContent/Textures/T_Water_M.uasset" 2099
"C:/Users/Abran/9_Semestre/VR_Proyecto/BeatBoost_VR/Content/StarterContent/Textures/T_Water_M.uexp" 2100
"C:/Users/Abran/9_Semestre/VR_Proyecto/BeatBoost_VR/Content/StarterContent/Materials/M_Water_Ocean.uasset" 2101
"C:/Users/Abran/9_Semestre/VR_Proyecto/BeatBoost_VR/Content/StarterContent/Materials/M_Water_Ocean.uexp" 2102
"C:/Users/Abran/9_Semestre/VR_Proyecto/BeatBoost_VR/Content/StarterContent/Textures/T_CobbleStone_Pebble_N.ubulk" 2103
"C:/Users/Abran/9_Semestre/VR_Proyecto/BeatBoost_VR/Content/StarterContent/Textures/T_CobbleStone_Pebble_N.uasset" 2104
"C:/Users/Abran/9_Semestre/VR_Proyecto/BeatBoost_VR/Content/StarterContent/Textures/T_CobbleStone_Pebble_N.uexp" 2105
"C:/Users/Abran/9_Semestre/VR_Proyecto/BeatBoost_VR/Content/StarterContent/Textures/T_CobbleStone_Pebble_M.ubulk" 2106
"C:/Users/Abran/9_Semestre/VR_Proyecto/BeatBoost_VR/Content/StarterContent/Textures/T_CobbleStone_Pebble_M.uasset" 2107
"C:/Users/Abran/9_Semestre/VR_Proyecto/BeatBoost_VR/Content/StarterContent/Textures/T_CobbleStone_Pebble_M.uexp" 2108
"C:/Users/Abran/9_Semestre/VR_Proyecto/BeatBoost_VR/Content/StarterContent/Textures/T_CobbleStone_Pebble_D.ubulk" 2109
"C:/Users/Abran/9_Semestre/VR_Proyecto/BeatBoost_VR/Content/StarterContent/Textures/T_CobbleStone_Pebble_D.uasset" 2110
"C:/Users/Abran/9_Semestre/VR_Proyecto/BeatBoost_VR/Content/StarterContent/Textures/T_CobbleStone_Pebble_D.uexp" 2111
"C:/Users/Abran/9_Semestre/VR_Proyecto/BeatBoost_VR/Content/StarterContent/Materials/M_CobbleStone_Pebble.uasset" 2112
"C:/Users/Abran/9_Semestre/VR_Proyecto/BeatBoost_VR/Content/StarterContent/Materials/M_CobbleStone_Pebble.uexp" 2113
"C:/Users/Abran/9_Semestre/VR_Proyecto/BeatBoost_VR/Content/StarterContent/Textures/T_Brick_Clay_Old_N.ubulk" 2114
"C:/Users/Abran/9_Semestre/VR_Proyecto/BeatBoost_VR/Content/StarterContent/Textures/T_Brick_Clay_Old_N.uasset" 2115
"C:/Users/Abran/9_Semestre/VR_Proyecto/BeatBoost_VR/Content/StarterContent/Textures/T_Brick_Clay_Old_N.uexp" 2116
"C:/Users/Abran/9_Semestre/VR_Proyecto/BeatBoost_VR/Content/StarterContent/Textures/T_Brick_Clay_Old_D.ubulk" 2117
"C:/Users/Abran/9_Semestre/VR_Proyecto/BeatBoost_VR/Content/StarterContent/Textures/T_Brick_Clay_Old_D.uasset" 2118
"C:/Users/Abran/9_Semestre/VR_Proyecto/BeatBoost_VR/Content/StarterContent/Textures/T_Brick_Clay_Old_D.uexp" 2119
"C:/Users/Abran/9_Semestre/VR_Proyecto/BeatBoost_VR/Content/StarterContent/Materials/M_Brick_Clay_Old.uasset" 2120
"C:/Users/Abran/9_Semestre/VR_Proyecto/BeatBoost_VR/Content/StarterContent/Materials/M_Brick_Clay_Old.uexp" 2121
"C:/Users/Abran/9_Semestre/VR_Proyecto/BeatBoost_VR/Content/StarterContent/Textures/T_Metal_Steel_D.ubulk" 2122
"C:/Users/Abran/9_Semestre/VR_Proyecto/BeatBoost_VR/Content/StarterContent/Textures/T_Metal_Steel_D.uasset" 2123
"C:/Users/Abran/9_Semestre/VR_Proyecto/BeatBoost_VR/Content/StarterContent/Textures/T_Metal_Steel_D.uexp" 2124
"C:/Users/Abran/9_Semestre/VR_Proyecto/BeatBoost_VR/Content/StarterContent/Textures/T_Metal_Steel_N.ubulk" 2125
"C:/Users/Abran/9_Semestre/VR_Proyecto/BeatBoost_VR/Content/StarterContent/Textures/T_Metal_Steel_N.uasset" 2126
"C:/Users/Abran/9_Semestre/VR_Proyecto/BeatBoost_VR/Content/StarterContent/Textures/T_Metal_Steel_N.uexp" 2127
"C:/Users/Abran/9_Semestre/VR_Proyecto/BeatBoost_VR/Content/StarterContent/Materials/M_Metal_Steel.uasset" 2128
"C:/Users/Abran/9_Semestre/VR_Proyecto/BeatBoost_VR/Content/StarterContent/Materials/M_Metal_Steel.uexp" 2129
"C:/Users/Abran/9_Semestre/VR_Proyecto/BeatBoost_VR/Content/StarterContent/Materials/M_Wood_Floor_Walnut_Polished.uasset" 2130
"C:/Users/Abran/9_Semestre/VR_Proyecto/BeatBoost_VR/Content/StarterContent/Materials/M_Wood_Floor_Walnut_Polished.uexp" 2131
"C:/Users/Abran/9_Semestre/VR_Proyecto/BeatBoost_VR/Content/StarterContent/Props/SM_Lamp_Wall.ubulk" 2132
"C:/Users/Abran/9_Semestre/VR_Proyecto/BeatBoost_VR/Content/StarterContent/Props/SM_Lamp_Wall.uasset" 2133
"C:/Users/Abran/9_Semestre/VR_Proyecto/BeatBoost_VR/Content/StarterContent/Props/SM_Lamp_Wall.uexp" 2134
"C:/Users/Abran/9_Semestre/VR_Proyecto/BeatBoost_VR/Content/StarterContent/Blueprints/Blueprint_WallSconce.uasset" 2135
"C:/Users/Abran/9_Semestre/VR_Proyecto/BeatBoost_VR/Content/StarterContent/Blueprints/Blueprint_WallSconce.uexp" 2136
"C:/Users/Abran/9_Semestre/VR_Proyecto/BeatBoost_VR/Content/StarterContent/Textures/T_Tech_Panel_N.ubulk" 2137
"C:/Users/Abran/9_Semestre/VR_Proyecto/BeatBoost_VR/Content/StarterContent/Textures/T_Tech_Panel_N.uasset" 2138
"C:/Users/Abran/9_Semestre/VR_Proyecto/BeatBoost_VR/Content/StarterContent/Textures/T_Tech_Panel_N.uexp" 2139
"C:/Users/Abran/9_Semestre/VR_Proyecto/BeatBoost_VR/Content/StarterContent/Textures/T_Tech_Panel_M.ubulk" 2140
"C:/Users/Abran/9_Semestre/VR_Proyecto/BeatBoost_VR/Content/StarterContent/Textures/T_Tech_Panel_M.uasset" 2141
"C:/Users/Abran/9_Semestre/VR_Proyecto/BeatBoost_VR/Content/StarterContent/Textures/T_Tech_Panel_M.uexp" 2142
"C:/Users/Abran/9_Semestre/VR_Proyecto/BeatBoost_VR/Content/StarterContent/Materials/M_Tech_Panel.uasset" 2143
"C:/Users/Abran/9_Semestre/VR_Proyecto/BeatBoost_VR/Content/StarterContent/Materials/M_Tech_Panel.uexp" 2144
"C:/Users/Abran/9_Semestre/VR_Proyecto/BeatBoost_VR/Content/StarterContent/Materials/M_Tech_Hex_Tile_Pulse.uasset" 2145
"C:/Users/Abran/9_Semestre/VR_Proyecto/BeatBoost_VR/Content/StarterContent/Materials/M_Tech_Hex_Tile_Pulse.uexp" 2146
"C:/Users/Abran/9_Semestre/VR_Proyecto/BeatBoost_VR/Content/StarterContent/Props/SM_PillarFrame.ubulk" 2147
"C:/Users/Abran/9_Semestre/VR_Proyecto/BeatBoost_VR/Content/StarterContent/Props/SM_PillarFrame.uasset" 2148
"C:/Users/Abran/9_Semestre/VR_Proyecto/BeatBoost_VR/Content/StarterContent/Props/SM_PillarFrame.uexp" 2149
"C:/Users/Abran/9_Semestre/VR_Proyecto/BeatBoost_VR/Content/StarterContent/Textures/T_TableRound_N.ubulk" 2150
"C:/Users/Abran/9_Semestre/VR_Proyecto/BeatBoost_VR/Content/StarterContent/Textures/T_TableRound_N.uasset" 2151
"C:/Users/Abran/9_Semestre/VR_Proyecto/BeatBoost_VR/Content/StarterContent/Textures/T_TableRound_N.uexp" 2152
"C:/Users/Abran/9_Semestre/VR_Proyecto/BeatBoost_VR/Content/StarterContent/Textures/T_TableRound_M.ubulk" 2153
"C:/Users/Abran/9_Semestre/VR_Proyecto/BeatBoost_VR/Content/StarterContent/Textures/T_TableRound_M.uasset" 2154
"C:/Users/Abran/9_Semestre/VR_Proyecto/BeatBoost_VR/Content/StarterContent/Textures/T_TableRound_M.uexp" 2155
"C:/Users/Abran/9_Semestre/VR_Proyecto/BeatBoost_VR/Content/StarterContent/Props/Materials/M_TableRound.uasset" 2156
"C:/Users/Abran/9_Semestre/VR_Proyecto/BeatBoost_VR/Content/StarterContent/Props/Materials/M_TableRound.uexp" 2157
"C:/Users/Abran/9_Semestre/VR_Proyecto/BeatBoost_VR/Content/StarterContent/Props/SM_TableRound.ubulk" 2158
"C:/Users/Abran/9_Semestre/VR_Proyecto/BeatBoost_VR/Content/StarterContent/Props/SM_TableRound.uasset" 2159
"C:/Users/Abran/9_Semestre/VR_Proyecto/BeatBoost_VR/Content/StarterContent/Props/SM_TableRound.uexp" 2160
"C:/Users/Abran/9_Semestre/VR_Proyecto/BeatBoost_VR/Content/StarterContent/Textures/T_Fire_Tiled_D.ubulk" 2161
"C:/Users/Abran/9_Semestre/VR_Proyecto/BeatBoost_VR/Content/StarterContent/Textures/T_Fire_Tiled_D.uasset" 2162
"C:/Users/Abran/9_Semestre/VR_Proyecto/BeatBoost_VR/Content/StarterContent/Textures/T_Fire_Tiled_D.uexp" 2163
"C:/Users/Abran/9_Semestre/VR_Proyecto/BeatBoost_VR/Content/StarterContent/Textures/T_Fire_SubUV.ubulk" 2164
"C:/Users/Abran/9_Semestre/VR_Proyecto/BeatBoost_VR/Content/StarterContent/Textures/T_Fire_SubUV.uasset" 2165
"C:/Users/Abran/9_Semestre/VR_Proyecto/BeatBoost_VR/Content/StarterContent/Textures/T_Fire_SubUV.uexp" 2166
"C:/Users/Abran/9_Semestre/VR_Proyecto/BeatBoost_VR/Content/StarterContent/Particles/Materials/M_Fire_SubUV.uasset" 2167
"C:/Users/Abran/9_Semestre/VR_Proyecto/BeatBoost_VR/Content/StarterContent/Particles/Materials/M_Fire_SubUV.uexp" 2168
"C:/Users/Abran/9_Semestre/VR_Proyecto/BeatBoost_VR/Content/StarterContent/Particles/Materials/M_Heat_Distortion.uasset" 2169
"C:/Users/Abran/9_Semestre/VR_Proyecto/BeatBoost_VR/Content/StarterContent/Particles/Materials/M_Heat_Distortion.uexp" 2170
"C:/Users/Abran/9_Semestre/VR_Proyecto/BeatBoost_VR/Content/StarterContent/Particles/P_Fire.uasset" 2171
"C:/Users/Abran/9_Semestre/VR_Proyecto/BeatBoost_VR/Content/StarterContent/Particles/P_Fire.uexp" 2172
"C:/Users/Abran/9_Semestre/VR_Proyecto/BeatBoost_VR/Content/StarterContent/Audio/Fire01_Cue.uasset" 2173
"C:/Users/Abran/9_Semestre/VR_Proyecto/BeatBoost_VR/Content/StarterContent/Audio/Fire01_Cue.uexp" 2174
"C:/Users/Abran/9_Semestre/VR_Proyecto/BeatBoost_VR/Content/StarterContent/Blueprints/Blueprint_Effect_Fire.uasset" 2175
"C:/Users/Abran/9_Semestre/VR_Proyecto/BeatBoost_VR/Content/StarterContent/Blueprints/Blueprint_Effect_Fire.uexp" 2176
"C:/Users/Abran/9_Semestre/VR_Proyecto/BeatBoost_VR/Content/StarterContent/Textures/T_Wood_Oak_N.ubulk" 2177
"C:/Users/Abran/9_Semestre/VR_Proyecto/BeatBoost_VR/Content/StarterContent/Textures/T_Wood_Oak_N.uasset" 2178
"C:/Users/Abran/9_Semestre/VR_Proyecto/BeatBoost_VR/Content/StarterContent/Textures/T_Wood_Oak_N.uexp" 2179
"C:/Users/Abran/9_Semestre/VR_Proyecto/BeatBoost_VR/Content/StarterContent/Textures/T_Wood_Oak_D.ubulk" 2180
"C:/Users/Abran/9_Semestre/VR_Proyecto/BeatBoost_VR/Content/StarterContent/Textures/T_Wood_Oak_D.uasset" 2181
"C:/Users/Abran/9_Semestre/VR_Proyecto/BeatBoost_VR/Content/StarterContent/Textures/T_Wood_Oak_D.uexp" 2182
"C:/Users/Abran/9_Semestre/VR_Proyecto/BeatBoost_VR/Content/StarterContent/Materials/M_Wood_Oak.uasset" 2183
"C:/Users/Abran/9_Semestre/VR_Proyecto/BeatBoost_VR/Content/StarterContent/Materials/M_Wood_Oak.uexp" 2184
"C:/Users/Abran/9_Semestre/VR_Proyecto/BeatBoost_VR/Content/StarterContent/Architecture/Wall_Window_400x300.ubulk" 2185
"C:/Users/Abran/9_Semestre/VR_Proyecto/BeatBoost_VR/Content/StarterContent/Architecture/Wall_Window_400x300.uasset" 2186
"C:/Users/Abran/9_Semestre/VR_Proyecto/BeatBoost_VR/Content/StarterContent/Architecture/Wall_Window_400x300.uexp" 2187
"C:/Users/Abran/9_Semestre/VR_Proyecto/BeatBoost_VR/Content/StarterContent/Textures/T_Brick_Hewn_Stone_N.ubulk" 2188
"C:/Users/Abran/9_Semestre/VR_Proyecto/BeatBoost_VR/Content/StarterContent/Textures/T_Brick_Hewn_Stone_N.uasset" 2189
"C:/Users/Abran/9_Semestre/VR_Proyecto/BeatBoost_VR/Content/StarterContent/Textures/T_Brick_Hewn_Stone_N.uexp" 2190
"C:/Users/Abran/9_Semestre/VR_Proyecto/BeatBoost_VR/Content/StarterContent/Textures/T_Brick_Hewn_Stone_D.ubulk" 2191
"C:/Users/Abran/9_Semestre/VR_Proyecto/BeatBoost_VR/Content/StarterContent/Textures/T_Brick_Hewn_Stone_D.uasset" 2192
"C:/Users/Abran/9_Semestre/VR_Proyecto/BeatBoost_VR/Content/StarterContent/Textures/T_Brick_Hewn_Stone_D.uexp" 2193
"C:/Users/Abran/9_Semestre/VR_Proyecto/BeatBoost_VR/Content/StarterContent/Textures/T_Brick_Hewn_Stone_M.ubulk" 2194
"C:/Users/Abran/9_Semestre/VR_Proyecto/BeatBoost_VR/Content/StarterContent/Textures/T_Brick_Hewn_Stone_M.uasset" 2195
"C:/Users/Abran/9_Semestre/VR_Proyecto/BeatBoost_VR/Content/StarterContent/Textures/T_Brick_Hewn_Stone_M.uexp" 2196
"C:/Users/Abran/9_Semestre/VR_Proyecto/BeatBoost_VR/Content/StarterContent/Materials/M_Brick_Hewn_Stone.uasset" 2197
"C:/Users/Abran/9_Semestre/VR_Proyecto/BeatBoost_VR/Content/StarterContent/Materials/M_Brick_Hewn_Stone.uexp" 2198
"C:/Users/Abran/9_Semestre/VR_Proyecto/BeatBoost_VR/Content/StarterContent/Audio/Smoke01_Cue.uasset" 2199
"C:/Users/Abran/9_Semestre/VR_Proyecto/BeatBoost_VR/Content/StarterContent/Audio/Smoke01_Cue.uexp" 2200
"C:/Users/Abran/9_Semestre/VR_Proyecto/BeatBoost_VR/Content/StarterContent/Particles/P_Smoke.uasset" 2201
"C:/Users/Abran/9_Semestre/VR_Proyecto/BeatBoost_VR/Content/StarterContent/Particles/P_Smoke.uexp" 2202
"C:/Users/Abran/9_Semestre/VR_Proyecto/BeatBoost_VR/Content/StarterContent/Blueprints/Blueprint_Effect_Smoke.uasset" 2203
"C:/Users/Abran/9_Semestre/VR_Proyecto/BeatBoost_VR/Content/StarterContent/Blueprints/Blueprint_Effect_Smoke.uexp" 2204
"C:/Users/Abran/9_Semestre/VR_Proyecto/BeatBoost_VR/Content/StarterContent/Textures/T_CobbleStone_Rough_N.ubulk" 2205
"C:/Users/Abran/9_Semestre/VR_Proyecto/BeatBoost_VR/Content/StarterContent/Textures/T_CobbleStone_Rough_N.uasset" 2206
"C:/Users/Abran/9_Semestre/VR_Proyecto/BeatBoost_VR/Content/StarterContent/Textures/T_CobbleStone_Rough_N.uexp" 2207
"C:/Users/Abran/9_Semestre/VR_Proyecto/BeatBoost_VR/Content/StarterContent/Textures/T_CobbleStone_Rough_D.ubulk" 2208
"C:/Users/Abran/9_Semestre/VR_Proyecto/BeatBoost_VR/Content/StarterContent/Textures/T_CobbleStone_Rough_D.uasset" 2209
"C:/Users/Abran/9_Semestre/VR_Proyecto/BeatBoost_VR/Content/StarterContent/Textures/T_CobbleStone_Rough_D.uexp" 2210
"C:/Users/Abran/9_Semestre/VR_Proyecto/BeatBoost_VR/Content/StarterContent/Materials/M_CobbleStone_Rough.uasset" 2211
"C:/Users/Abran/9_Semestre/VR_Proyecto/BeatBoost_VR/Content/StarterContent/Materials/M_CobbleStone_Rough.uexp" 2212
"C:/Users/Abran/9_Semestre/VR_Proyecto/BeatBoost_VR/Content/StarterContent/Textures/T_Statue_M.ubulk" 2213
"C:/Users/Abran/9_Semestre/VR_Proyecto/BeatBoost_VR/Content/StarterContent/Textures/T_Statue_M.uasset" 2214
"C:/Users/Abran/9_Semestre/VR_Proyecto/BeatBoost_VR/Content/StarterContent/Textures/T_Statue_M.uexp" 2215
"C:/Users/Abran/9_Semestre/VR_Proyecto/BeatBoost_VR/Content/StarterContent/Textures/T_Statue_N.ubulk" 2216
"C:/Users/Abran/9_Semestre/VR_Proyecto/BeatBoost_VR/Content/StarterContent/Textures/T_Statue_N.uasset" 2217
"C:/Users/Abran/9_Semestre/VR_Proyecto/BeatBoost_VR/Content/StarterContent/Textures/T_Statue_N.uexp" 2218
"C:/Users/Abran/9_Semestre/VR_Proyecto/BeatBoost_VR/Content/StarterContent/Props/Materials/M_Statue.uasset" 2219
"C:/Users/Abran/9_Semestre/VR_Proyecto/BeatBoost_VR/Content/StarterContent/Props/Materials/M_Statue.uexp" 2220
"C:/Users/Abran/9_Semestre/VR_Proyecto/BeatBoost_VR/Content/StarterContent/Props/Materials/M_StatueGlass.uasset" 2221
"C:/Users/Abran/9_Semestre/VR_Proyecto/BeatBoost_VR/Content/StarterContent/Props/Materials/M_StatueGlass.uexp" 2222
"C:/Users/Abran/9_Semestre/VR_Proyecto/BeatBoost_VR/Content/StarterContent/Props/SM_Statue.ubulk" 2223
"C:/Users/Abran/9_Semestre/VR_Proyecto/BeatBoost_VR/Content/StarterContent/Props/SM_Statue.uasset" 2224
"C:/Users/Abran/9_Semestre/VR_Proyecto/BeatBoost_VR/Content/StarterContent/Props/SM_Statue.uexp" 2225
"C:/Users/Abran/9_Semestre/VR_Proyecto/BeatBoost_VR/Content/StarterContent/Textures/T_ground_Moss_D.ubulk" 2226
"C:/Users/Abran/9_Semestre/VR_Proyecto/BeatBoost_VR/Content/StarterContent/Textures/T_ground_Moss_D.uasset" 2227
"C:/Users/Abran/9_Semestre/VR_Proyecto/BeatBoost_VR/Content/StarterContent/Textures/T_ground_Moss_D.uexp" 2228
"C:/Users/Abran/9_Semestre/VR_Proyecto/BeatBoost_VR/Content/StarterContent/Textures/T_Ground_Moss_N.ubulk" 2229
"C:/Users/Abran/9_Semestre/VR_Proyecto/BeatBoost_VR/Content/StarterContent/Textures/T_Ground_Moss_N.uasset" 2230
"C:/Users/Abran/9_Semestre/VR_Proyecto/BeatBoost_VR/Content/StarterContent/Textures/T_Ground_Moss_N.uexp" 2231
"C:/Users/Abran/9_Semestre/VR_Proyecto/BeatBoost_VR/Content/StarterContent/Materials/M_Ground_Moss.uasset" 2232
"C:/Users/Abran/9_Semestre/VR_Proyecto/BeatBoost_VR/Content/StarterContent/Materials/M_Ground_Moss.uexp" 2233
"C:/Users/Abran/9_Semestre/VR_Proyecto/BeatBoost_VR/Content/StarterContent/Props/SM_PillarFrame300.ubulk" 2234
"C:/Users/Abran/9_Semestre/VR_Proyecto/BeatBoost_VR/Content/StarterContent/Props/SM_PillarFrame300.uasset" 2235
"C:/Users/Abran/9_Semestre/VR_Proyecto/BeatBoost_VR/Content/StarterContent/Props/SM_PillarFrame300.uexp" 2236
"C:/Users/Abran/9_Semestre/VR_Proyecto/BeatBoost_VR/Content/StarterContent/Materials/M_Metal_Chrome.uasset" 2237
"C:/Users/Abran/9_Semestre/VR_Proyecto/BeatBoost_VR/Content/StarterContent/Materials/M_Metal_Chrome.uexp" 2238
"C:/Users/Abran/9_Semestre/VR_Proyecto/BeatBoost_VR/Content/StarterContent/Textures/T_Metal_Gold_D.ubulk" 2239
"C:/Users/Abran/9_Semestre/VR_Proyecto/BeatBoost_VR/Content/StarterContent/Textures/T_Metal_Gold_D.uasset" 2240
"C:/Users/Abran/9_Semestre/VR_Proyecto/BeatBoost_VR/Content/StarterContent/Textures/T_Metal_Gold_D.uexp" 2241
"C:/Users/Abran/9_Semestre/VR_Proyecto/BeatBoost_VR/Content/StarterContent/Materials/M_Metal_Gold.uasset" 2242
"C:/Users/Abran/9_Semestre/VR_Proyecto/BeatBoost_VR/Content/StarterContent/Materials/M_Metal_Gold.uexp" 2243
"C:/Users/Abran/9_Semestre/VR_Proyecto/BeatBoost_VR/Content/StarterContent/Textures/T_Ground_Grass_D.ubulk" 2244
"C:/Users/Abran/9_Semestre/VR_Proyecto/BeatBoost_VR/Content/StarterContent/Textures/T_Ground_Grass_D.uasset" 2245
"C:/Users/Abran/9_Semestre/VR_Proyecto/BeatBoost_VR/Content/StarterContent/Textures/T_Ground_Grass_D.uexp" 2246
"C:/Users/Abran/9_Semestre/VR_Proyecto/BeatBoost_VR/Content/StarterContent/Textures/T_Ground_Grass_N.ubulk" 2247
"C:/Users/Abran/9_Semestre/VR_Proyecto/BeatBoost_VR/Content/StarterContent/Textures/T_Ground_Grass_N.uasset" 2248
"C:/Users/Abran/9_Semestre/VR_Proyecto/BeatBoost_VR/Content/StarterContent/Textures/T_Ground_Grass_N.uexp" 2249
"C:/Users/Abran/9_Semestre/VR_Proyecto/BeatBoost_VR/Content/StarterContent/Materials/M_Ground_Grass.uasset" 2250
"C:/Users/Abran/9_Semestre/VR_Proyecto/BeatBoost_VR/Content/StarterContent/Materials/M_Ground_Grass.uexp" 2251
"C:/Users/Abran/9_Semestre/VR_Proyecto/BeatBoost_VR/Content/StarterContent/Audio/Starter_Background_Cue.uasset" 2252
"C:/Users/Abran/9_Semestre/VR_Proyecto/BeatBoost_VR/Content/StarterContent/Audio/Starter_Background_Cue.uexp" 2253
"C:/Users/Abran/9_Semestre/VR_Proyecto/BeatBoost_VR/Content/StarterContent/Maps/StarterMap_BuiltData.ubulk" 2254
"C:/Users/Abran/9_Semestre/VR_Proyecto/BeatBoost_VR/Content/StarterContent/Maps/StarterMap_BuiltData.uasset" 2255
"C:/Users/Abran/9_Semestre/VR_Proyecto/BeatBoost_VR/Content/StarterContent/Maps/StarterMap_BuiltData.uexp" 2256
"C:/Users/Abran/9_Semestre/VR_Proyecto/BeatBoost_VR/Content/StarterContent/Props/SM_CornerFrame.ubulk" 2257
"C:/Users/Abran/9_Semestre/VR_Proyecto/BeatBoost_VR/Content/StarterContent/Props/SM_CornerFrame.uasset" 2258
"C:/Users/Abran/9_Semestre/VR_Proyecto/BeatBoost_VR/Content/StarterContent/Props/SM_CornerFrame.uexp" 2259
"C:/Users/Abran/9_Semestre/VR_Proyecto/BeatBoost_VR/Content/StarterContent/Shapes/Shape_Sphere.ubulk" 2260
"C:/Users/Abran/9_Semestre/VR_Proyecto/BeatBoost_VR/Content/StarterContent/Shapes/Shape_Sphere.uasset" 2261
"C:/Users/Abran/9_Semestre/VR_Proyecto/BeatBoost_VR/Content/StarterContent/Shapes/Shape_Sphere.uexp" 2262
"C:/Users/Abran/9_Semestre/VR_Proyecto/BeatBoost_VR/Content/StarterContent/Audio/Starter_Music_Cue.uasset" 2263
"C:/Users/Abran/9_Semestre/VR_Proyecto/BeatBoost_VR/Content/StarterContent/Audio/Starter_Music_Cue.uexp" 2264
"../../../Engine/Content/EngineSky/M_SimpleSkyDome.uasset" 2265
"../../../Engine/Content/EngineSky/M_SimpleSkyDome.uexp" 2266
"C:/Users/Abran/9_Semestre/VR_Proyecto/BeatBoost_VR/Content/StarterContent/Shapes/Shape_QuadPyramid.ubulk" 2267
"C:/Users/Abran/9_Semestre/VR_Proyecto/BeatBoost_VR/Content/StarterContent/Shapes/Shape_QuadPyramid.uasset" 2268
"C:/Users/Abran/9_Semestre/VR_Proyecto/BeatBoost_VR/Content/StarterContent/Shapes/Shape_QuadPyramid.uexp" 2269
"C:/Users/Abran/9_Semestre/VR_Proyecto/BeatBoost_VR/Content/StarterContent/Textures/T_Brick_Clay_New_D.ubulk" 2270
"C:/Users/Abran/9_Semestre/VR_Proyecto/BeatBoost_VR/Content/StarterContent/Textures/T_Brick_Clay_New_D.uasset" 2271
"C:/Users/Abran/9_Semestre/VR_Proyecto/BeatBoost_VR/Content/StarterContent/Textures/T_Brick_Clay_New_D.uexp" 2272
"C:/Users/Abran/9_Semestre/VR_Proyecto/BeatBoost_VR/Content/StarterContent/Textures/T_Brick_Clay_New_M.uasset" 2273
"C:/Users/Abran/9_Semestre/VR_Proyecto/BeatBoost_VR/Content/StarterContent/Textures/T_Brick_Clay_New_M.uexp" 2274
"C:/Users/Abran/9_Semestre/VR_Proyecto/BeatBoost_VR/Content/StarterContent/Textures/T_Brick_Clay_New_N.uasset" 2275
"C:/Users/Abran/9_Semestre/VR_Proyecto/BeatBoost_VR/Content/StarterContent/Textures/T_Brick_Clay_New_N.uexp" 2276
"C:/Users/Abran/9_Semestre/VR_Proyecto/BeatBoost_VR/Content/StarterContent/Materials/M_Brick_Clay_New.uasset" 2277
"C:/Users/Abran/9_Semestre/VR_Proyecto/BeatBoost_VR/Content/StarterContent/Materials/M_Brick_Clay_New.uexp" 2278
"C:/Users/Abran/9_Semestre/VR_Proyecto/BeatBoost_VR/Content/StarterContent/Textures/T_Metal_Aluminum_D.ubulk" 2279
"C:/Users/Abran/9_Semestre/VR_Proyecto/BeatBoost_VR/Content/StarterContent/Textures/T_Metal_Aluminum_D.uasset" 2280
"C:/Users/Abran/9_Semestre/VR_Proyecto/BeatBoost_VR/Content/StarterContent/Textures/T_Metal_Aluminum_D.uexp" 2281
"C:/Users/Abran/9_Semestre/VR_Proyecto/BeatBoost_VR/Content/StarterContent/Materials/M_Metal_Burnished_Steel.uasset" 2282
"C:/Users/Abran/9_Semestre/VR_Proyecto/BeatBoost_VR/Content/StarterContent/Materials/M_Metal_Burnished_Steel.uexp" 2283
"C:/Users/Abran/9_Semestre/VR_Proyecto/BeatBoost_VR/Content/StarterContent/Props/SM_Chair.ubulk" 2284
"C:/Users/Abran/9_Semestre/VR_Proyecto/BeatBoost_VR/Content/StarterContent/Props/SM_Chair.uasset" 2285
"C:/Users/Abran/9_Semestre/VR_Proyecto/BeatBoost_VR/Content/StarterContent/Props/SM_Chair.uexp" 2286
"C:/Users/Abran/9_Semestre/VR_Proyecto/BeatBoost_VR/Content/StarterContent/Textures/T_Concrete_Panels_D.ubulk" 2287
"C:/Users/Abran/9_Semestre/VR_Proyecto/BeatBoost_VR/Content/StarterContent/Textures/T_Concrete_Panels_D.uasset" 2288
"C:/Users/Abran/9_Semestre/VR_Proyecto/BeatBoost_VR/Content/StarterContent/Textures/T_Concrete_Panels_D.uexp" 2289
"C:/Users/Abran/9_Semestre/VR_Proyecto/BeatBoost_VR/Content/StarterContent/Textures/T_Concrete_Panels_N.ubulk" 2290
"C:/Users/Abran/9_Semestre/VR_Proyecto/BeatBoost_VR/Content/StarterContent/Textures/T_Concrete_Panels_N.uasset" 2291
"C:/Users/Abran/9_Semestre/VR_Proyecto/BeatBoost_VR/Content/StarterContent/Textures/T_Concrete_Panels_N.uexp" 2292
"C:/Users/Abran/9_Semestre/VR_Proyecto/BeatBoost_VR/Content/StarterContent/Materials/M_Concrete_Panels.uasset" 2293
"C:/Users/Abran/9_Semestre/VR_Proyecto/BeatBoost_VR/Content/StarterContent/Materials/M_Concrete_Panels.uexp" 2294
"C:/Users/Abran/9_Semestre/VR_Proyecto/BeatBoost_VR/Content/StarterContent/Maps/StarterMap.uexp" 2295
"C:/Users/Abran/9_Semestre/VR_Proyecto/BeatBoost_VR/Content/StarterContent/Maps/StarterMap.umap" 2296
"C:/Users/Abran/9_Semestre/VR_Proyecto/BeatBoost_VR/Content/StarterContent/Maps/Minimal_Default_BuiltData.ubulk" 2297
"C:/Users/Abran/9_Semestre/VR_Proyecto/BeatBoost_VR/Content/StarterContent/Maps/Minimal_Default_BuiltData.uasset" 2298
"C:/Users/Abran/9_Semestre/VR_Proyecto/BeatBoost_VR/Content/StarterContent/Maps/Minimal_Default_BuiltData.uexp" 2299
"C:/Users/Abran/9_Semestre/VR_Proyecto/BeatBoost_VR/Content/StarterContent/Maps/Minimal_Default.uexp" 2300
"C:/Users/Abran/9_Semestre/VR_Proyecto/BeatBoost_VR/Content/StarterContent/Maps/Minimal_Default.umap" 2301
"C:/Users/Abran/9_Semestre/VR_Proyecto/BeatBoost_VR/Content/StarterContent/Maps/Advanced_Lighting_BuiltData.ubulk" 2302
"C:/Users/Abran/9_Semestre/VR_Proyecto/BeatBoost_VR/Content/StarterContent/Maps/Advanced_Lighting_BuiltData.uasset" 2303
"C:/Users/Abran/9_Semestre/VR_Proyecto/BeatBoost_VR/Content/StarterContent/Maps/Advanced_Lighting_BuiltData.uexp" 2304
"C:/Users/Abran/9_Semestre/VR_Proyecto/BeatBoost_VR/Content/StarterContent/Materials/M_AssetPlatform.uasset" 2305
"C:/Users/Abran/9_Semestre/VR_Proyecto/BeatBoost_VR/Content/StarterContent/Materials/M_AssetPlatform.uexp" 2306
"C:/Users/Abran/9_Semestre/VR_Proyecto/BeatBoost_VR/Content/StarterContent/Architecture/SM_AssetPlatform.ubulk" 2307
"C:/Users/Abran/9_Semestre/VR_Proyecto/BeatBoost_VR/Content/StarterContent/Architecture/SM_AssetPlatform.uasset" 2308
"C:/Users/Abran/9_Semestre/VR_Proyecto/BeatBoost_VR/Content/StarterContent/Architecture/SM_AssetPlatform.uexp" 2309
"../../../Engine/Content/MapTemplates/Sky/DaylightAmbientCubemap.uasset" 2310
"../../../Engine/Content/MapTemplates/Sky/DaylightAmbientCubemap.uexp" 2311
"C:/Users/Abran/9_Semestre/VR_Proyecto/BeatBoost_VR/Content/StarterContent/Blueprints/Assets/M_LightStage_Skybox_Master.uasset" 2312
"C:/Users/Abran/9_Semestre/VR_Proyecto/BeatBoost_VR/Content/StarterContent/Blueprints/Assets/M_LightStage_Skybox_Master.uexp" 2313
"C:/Users/Abran/9_Semestre/VR_Proyecto/BeatBoost_VR/Content/StarterContent/Blueprints/Assets/M_LightStage_Skybox_HDRI.uasset" 2314
"C:/Users/Abran/9_Semestre/VR_Proyecto/BeatBoost_VR/Content/StarterContent/Blueprints/Assets/M_LightStage_Skybox_HDRI.uexp" 2315
"C:/Users/Abran/9_Semestre/VR_Proyecto/BeatBoost_VR/Content/StarterContent/HDRI/HDRI_Epic_Courtyard_Daylight.uasset" 2316
"C:/Users/Abran/9_Semestre/VR_Proyecto/BeatBoost_VR/Content/StarterContent/HDRI/HDRI_Epic_Courtyard_Daylight.uexp" 2317
"C:/Users/Abran/9_Semestre/VR_Proyecto/BeatBoost_VR/Content/StarterContent/Blueprints/Assets/SunlightColorLUT.uasset" 2318
"C:/Users/Abran/9_Semestre/VR_Proyecto/BeatBoost_VR/Content/StarterContent/Blueprints/Assets/SunlightColorLUT.uexp" 2319
"C:/Users/Abran/9_Semestre/VR_Proyecto/BeatBoost_VR/Content/StarterContent/Blueprints/Assets/M_LightStage_Skybox_Black.uasset" 2320
"C:/Users/Abran/9_Semestre/VR_Proyecto/BeatBoost_VR/Content/StarterContent/Blueprints/Assets/M_LightStage_Skybox_Black.uexp" 2321
"C:/Users/Abran/9_Semestre/VR_Proyecto/BeatBoost_VR/Content/StarterContent/Blueprints/Assets/FogBrightnessLUT.uasset" 2322
"C:/Users/Abran/9_Semestre/VR_Proyecto/BeatBoost_VR/Content/StarterContent/Blueprints/Assets/FogBrightnessLUT.uexp" 2323
"C:/Users/Abran/9_Semestre/VR_Proyecto/BeatBoost_VR/Content/StarterContent/Blueprints/Assets/SM_Arrows.ubulk" 2324
"C:/Users/Abran/9_Semestre/VR_Proyecto/BeatBoost_VR/Content/StarterContent/Blueprints/Assets/SM_Arrows.uasset" 2325
"C:/Users/Abran/9_Semestre/VR_Proyecto/BeatBoost_VR/Content/StarterContent/Blueprints/Assets/SM_Arrows.uexp" 2326
"C:/Users/Abran/9_Semestre/VR_Proyecto/BeatBoost_VR/Content/StarterContent/Blueprints/Assets/M_LightStage_Arrows.uasset" 2327
"C:/Users/Abran/9_Semestre/VR_Proyecto/BeatBoost_VR/Content/StarterContent/Blueprints/Assets/M_LightStage_Arrows.uexp" 2328
"../../../Engine/Content/ArtTools/RenderToTexture/MaterialFunctions/CheckerPattern.uasset" 2329
"../../../Engine/Content/ArtTools/RenderToTexture/MaterialFunctions/CheckerPattern.uexp" 2330
"../../../Engine/Content/Functions/Engine_MaterialFunctions02/ScreenResolution.uasset" 2331
"../../../Engine/Content/Functions/Engine_MaterialFunctions02/ScreenResolution.uexp" 2332
"../../../Engine/Content/Functions/Engine_MaterialFunctions02/Texturing/ScreenAlignedUVs.uasset" 2333
"../../../Engine/Content/Functions/Engine_MaterialFunctions02/Texturing/ScreenAlignedUVs.uexp" 2334
"../../../Engine/Content/EditorMaterials/Thumbnails/SkySphereMaterial.uasset" 2335
"../../../Engine/Content/EditorMaterials/Thumbnails/SkySphereMaterial.uexp" 2336
"C:/Users/Abran/9_Semestre/VR_Proyecto/BeatBoost_VR/Content/StarterContent/Blueprints/Assets/Skybox.ubulk" 2337
"C:/Users/Abran/9_Semestre/VR_Proyecto/BeatBoost_VR/Content/StarterContent/Blueprints/Assets/Skybox.uasset" 2338
"C:/Users/Abran/9_Semestre/VR_Proyecto/BeatBoost_VR/Content/StarterContent/Blueprints/Assets/Skybox.uexp" 2339
"C:/Users/Abran/9_Semestre/VR_Proyecto/BeatBoost_VR/Content/StarterContent/Blueprints/BP_LightStudio.uasset" 2340
"C:/Users/Abran/9_Semestre/VR_Proyecto/BeatBoost_VR/Content/StarterContent/Blueprints/BP_LightStudio.uexp" 2341
"../../../Engine/Content/EditorMeshes/ColorCalibrator/M_GreyBall.uasset" 2342
"../../../Engine/Content/EditorMeshes/ColorCalibrator/M_GreyBall.uexp" 2343
"../../../Engine/Content/EditorMeshes/ColorCalibrator/M_ClearCoat.uasset" 2344
"../../../Engine/Content/EditorMeshes/ColorCalibrator/M_ClearCoat.uexp" 2345
"../../../Engine/Content/EditorMeshes/ColorCalibrator/M_ChromeBall.uasset" 2346
"../../../Engine/Content/EditorMeshes/ColorCalibrator/M_ChromeBall.uexp" 2347
"../../../Engine/Content/EditorMeshes/ColorCalibrator/M_ClearCoatBlack.uasset" 2348
"../../../Engine/Content/EditorMeshes/ColorCalibrator/M_ClearCoatBlack.uexp" 2349
"../../../Engine/Content/EditorMeshes/ColorCalibrator/Color_checker.ubulk" 2350
"../../../Engine/Content/EditorMeshes/ColorCalibrator/Color_checker.uasset" 2351
"../../../Engine/Content/EditorMeshes/ColorCalibrator/Color_checker.uexp" 2352
"../../../Engine/Content/EditorMeshes/ColorCalibrator/M_ColorGrid.uasset" 2353
"../../../Engine/Content/EditorMeshes/ColorCalibrator/M_ColorGrid.uexp" 2354
"../../../Engine/Content/EditorMeshes/ColorCalibrator/SM_ColorCalibrator.ubulk" 2355
"../../../Engine/Content/EditorMeshes/ColorCalibrator/SM_ColorCalibrator.uasset" 2356
"../../../Engine/Content/EditorMeshes/ColorCalibrator/SM_ColorCalibrator.uexp" 2357
"C:/Users/Abran/9_Semestre/VR_Proyecto/BeatBoost_VR/Content/StarterContent/Maps/Advanced_Lighting.uexp" 2358
"C:/Users/Abran/9_Semestre/VR_Proyecto/BeatBoost_VR/Content/StarterContent/Maps/Advanced_Lighting.umap" 2359
